,MONTH,NKB_Банки з державною часткою,NRB_Банки з державною часткою,QUARTER,YEAR,Банк  ,Банк   ,"Кредити, що надані субєктам господарювання за видами економічної діяльності, що класифікуються за секціями (А,B-E,F)","Кредитні операції, що класифіковані за I категорією якості","Кредитні операції, що класифіковані за I категорією якості__величина кредитного ризику за такими операціями","Кредитні операції, що класифіковані за II категорією якості","Кредитні операції, що класифіковані за II категорією якості__величина кредитного ризику за такими операціями","Кредитні операції, що класифіковані за III категорією якості","Кредитні операції, що класифіковані за III категорією якості__величина кредитного ризику за такими операціями","Кредитні операції, що класифіковані за IV категорією якості","Кредитні операції, що класифіковані за IV категорією якості__величина кредитного ризику за такими операціями","Кредитні операції, що класифіковані за V категорією якості","Кредитні операції, що класифіковані за V категорією якості__величина кредитного ризику за такими операціями",МФО,Рентабельність активів (%),№ п/п,№п/п
0,01,,46,4,2017,,"ПАТ КБ ""ПРИВАТБАНК""",4591657.43459,100795271.41201,347797.97842,29809397.8507,4524486.4137,136605868.25057,58233627.8875,14835930.19922,11153321.93027,19638403.89384,19583959.40548,305299,-50.31,1,
1,01,,2,4,2017,,"АТ ""Укрексімбанк""",64490717.21188,28239132.75012,242476.53294,27305798.97952,147571.8487,12838832.14071,635468.83936,11822842.68006,4029546.76004,43453987.53121,40961227.21888,322313,-0.67,2,
2,01,,6,4,2017,,"АТ ""ОЩАДБАНК""",44049848.40018,8398036.74772,200376.04819,42958912.60274,3243152.02017,13496133.25144,2341395.81683,23935695.55682,6461389.24466,44739863.69996,39283454.85777,300465,0.25,3,
3,01,,274,4,2017,,"АБ ""УКРГАЗБАНК""",15995581.31837,24759954.40212,27427.10198,9437205.6464,54160.20479,1442395.13863,25588.88061,772423.26814,465232.95353,7022147.69921,6947467.75343,320478,0.5677,4,
4,01,,313,4,2017,,Укр.банк реконстр.та розв.,,,,,,,,,,,,380883,-2.6121,5,
5,01,,593,4,2017,,"ПАТ ""РОЗРАХУНКОВИЙ ЦЕНТР""",,128.70942,,,,,,,,,,344443,1.08,6,
6,01,,3,4,2017,,"ПАТ ""Промінвестбанк""",31816401.3014,8690158.02532,32058.92493,16384459.29768,414101.84221,1452667.73518,418788.37271,2094938.25808,1307346.11115,27009655.19862,22760537.19864,300012,-11.28,7,
7,01,,5,4,2017,,"ПАТ ""УКРСОЦБАНК""",12577513.80617,5043763.55728,136592.11769,8421938.93132,135747.37575,8365402.4084,3917694.23568,728618.08566,365828.39189,30102888.48563,23868910.63728,300023,-21.48,8,
8,01,,36,4,2017,,"АТ ""Райффайзен Банк Аваль""",17579891.31613,34184975.94093,154949.05122,10329910.79048,298470.2106,4720694.72779,497453.44071,3156993.97248,1069263.36949,24227172.7647,23475847.26366,300335,5.3911,9,
9,01,,42,4,2017,,"ПАТ ""ВТБ БАНК""",16529745.66919,1828281.41188,8000.5685,1735552.60843,117000.72487,610612.16745,158154.50379,10937631.74226,2127926.82417,24733043.19961,22655914.1293,321767,-28.0665,10,
10,01,,88,4,2017,,"ПАТ ""КРЕДОБАНК""",2270348.42613,5073165.14357,19476.98865,1905973.97411,37787.03797,67027.63804,7801.22235,43443.67169,23431.82432,645291.86196,574242.91707,325365,2.7382,11,
11,01,,97,4,2017,,"ПАТ ""ВіЕс Банк""",503473.90188,606734.87694,7695.66452,829060.96746,44739.68682,59204.62833,7323.78711,26662.00271,16765.63988,1290332.56779,1173431.9372,325213,1.6963,12,
12,01,,105,4,2017,,"ПАТ ""МАРФІН БАНК""",357548.46537,823639.73549,3846.62866,420737.56476,13628.04142,114479.29958,8117.39508,19221.57188,1818.81597,890523.66231,677532.29185,328168,0.74,13,
13,01,,136,4,2017,,"АТ ""УкрСиббанк""",7334219.44597,30101151.94929,106174.1855,11034081.71831,310788.5165,102796.5514,9667.85728,716593.92581,52334.33609,7885051.20148,6368180.64999,351005,-2.31,14,
14,01,,142,4,2017,,"ПАТ ""Ідея Банк""",102616.68094,2210620.73424,147521.67191,497424.53882,21144.01785,84627.7753,32746.85173,91498.93266,52195.80934,136675.7994,62073.89006,336310,1.83,15,
15,01,,153,4,2017,,"ПАТКБ ""ПРАВЕКС-БАНК""",396993.09479,1220046.91036,43677.18161,697841.10951,13547.97573,16969.57043,4787.9093,12878.22928,1799.6937,1918165.03717,1827109.4264,380838,-11.9,16,
16,01,,171,4,2017,,"ПАТ ""КРЕДІ АГРІКОЛЬ БАНК""",8622576.55507,29403290.54535,46066.06678,5819778.91657,228224.19927,370445.53742,7099.97584,295391.72177,140928.28855,4427127.32365,4231946.78021,300614,2.88,17,
17,01,,251,4,2017,,"АТ ""ПІРЕУС БАНК МКБ""",1022948.9001,758498.39516,600.44273,702377.69969,899.16666,217035.73605,63.23812,194.42426,30.72405,1260580.34565,1247726.36391,300658,0.1296,18,
18,01,,272,4,2017,,"ПАТ ""АЛЬФА-БАНК""",14508120.62649,19015621.41226,212271.07939,6583666.78814,154952.06621,9322567.18225,597962.085,4026824.9526,305493.23551,10486177.80706,8745681.34122,300346,-9.8086,19,
19,01,,295,4,2017,,"ПАТ ""ІНГ Банк Україна""",4852977.61751,10438873.12995,16681.95799,4961262.21249,4178.67694,485.35698,175.36306,858.99394,453.99336,6040850.58137,1960351.72106,300539,4.5957,20,
20,01,,296,4,2017,,"АТ ""ОТП БАНК""",7190926.84413,11095172.81483,190599.61961,13463346.95056,2803945.7169,1045657.08301,286540.98867,521351.76683,253209.75962,7547573.90196,6402677.37098,300528,4.3848,21,
21,01,,297,4,2017,,"ПАТ ""СІТІБАНК""",2894454.77373,22660535.7958,7101.57407,3165347.65842,81978.54476,0,0,0,0,0,0,300584,10.21,22,
22,01,,298,4,2017,,"АТ ""ПРОКРЕДИТ БАНК""",5151366.80124,5583444.43686,19051.75106,3602180.39881,67083.1562,465497.51137,22239.66865,41598.03973,16049.14156,334088.05254,220306.72685,320984,3.1057,23,
23,01,,299,4,2017,,"ПАТ ""СБЕРБАНК""",31390231.91302,4818325.68069,48974.53451,26430436.16457,1992199.97551,6197988.03956,1797801.62045,2781730.35429,537160.12566,25524413.80877,17398130.38869,320627,-5.63,24,
24,01,,321,4,2017,,"АТ ""БМ БАНК""",482798.20917,46457.67034,263.71506,415216.14296,12319.908,128036.56476,5407.74332,15744.19319,4117.2894,2151093.63058,1893894.43394,380913,-59.1263,25,
25,01,,325,4,2017,,"ПАТ ""БАНК ФОРВАРД""",0,2034824.77498,34519.76524,199233.87384,34902.9679,24204.16047,9847.90306,24558.7043,20968.31382,207625.7339,207625.7339,380418,0.353,26,
26,01,,329,4,2017,,"ПАТ ""КРЕДИТ ЄВРОПА БАНК""",476729.968,3011471.22195,22.22373,264482.98794,34118.19066,520236.16531,91399.79669,542323.16832,27732.12129,209467.76873,209467.76873,380366,2.9926,27,
27,01,,407,4,2017,,"ПАТ ""Дойче Банк ДБУ""",18021.34693,2681443.05803,198.7348,226991.71954,2485.37431,973.70462,212.9492,0,0,0,0,380731,4.8947,28,
28,01,,455,4,2017,,"ПАТ""СЕБ КОРПОРАТИВНИЙ БАНК""",302039.25877,1952504.55758,7.33331,1174152.6006,4.21699,0,0,0,0,0,0,380797,4.149,29,
29,01,,331,4,2017,,"ПАТ ""КРЕДИТВЕСТ БАНК""",309994.69105,530611.55468,811.02563,732031.68285,9530.48225,0,0,0,0,2055.26125,2055.26125,380441,2.9707,30,
30,01,,129,4,2017,,"ПАТ ""БТА Банк""",132608.79168,36604.60864,159.35819,76662.54323,2259.87861,86034.62724,4892.23516,181.26839,5E-05,589072.13469,303816.70291,321723,0.0237,31,
31,01,,115,4,2017,,"ПАT ""ПУМБ""",14583675.46543,13575478.17995,186723.16264,18214406.71169,919756.43912,886451.49665,65527.12583,1480749.85727,365961.55628,9995742.99613,8923225.312,334851,0.9031,32,
32,01,,106,4,2017,,"Акціонерний банк""Південний""",4774821.88702,6807820.31636,4342.56652,12011492.75674,255115.07274,337644.38411,12318.56744,587799.2387,434511.78262,963125.9271,757536.9372,328209,0.3438,33,
33,01,,126,4,2017,,"ПАТ ""МЕГАБАНК"", Харків",3834456.02027,1682642.60818,6876.7554,6740791.91868,19590.32359,63485.91362,10062.91847,281109.64,91850.11851,432795.81695,379474.30377,351629,0.28,34,
34,01,,270,4,2017,,"ПАТ ""БАНК КРЕДИТ ДНІПРО""",2677707.01444,2842943.93085,4784.37211,1480219.70652,9394.47484,860486.5434,31523.91445,1250.10252,1041.27568,3519043.58561,1647718.4541,305749,-1.61,35,
35,01,,232,4,2017,,"ПАТ ""ДІАМАНТБАНК""",1081344.30702,1404803.68219,1730.91358,2618119.31215,52604.32148,757143.4878,209521.46089,61867.63491,327.66875,693631.23996,328665.03833,320854,-7.8298,36,
36,01,,305,4,2017,,"ПАТ ""БАНК ВОСТОК""",1560812.84469,2927764.22098,5136.25991,3297567.66231,43320.24752,63643.68779,7660.78597,70295.10114,39838.24315,372039.93661,130560.58,307123,1.36,37,
37,01,,62,4,2017,,"АТ ""ТАСКОМБАНК""",2230495.6141,6396057.22629,13189.07653,3325068.47609,15250.68151,13626.80995,1186.41805,298436.09225,203393.18357,155318.90667,136544.58768,339500,0.1035,38,
38,01,,389,4,2017,,"ПАТ ""МІБ""",788657.40078,395754.05392,55.94885,1885724.39322,32854.44439,265428.84011,43682.35214,281583.81621,108328.16635,180014.41027,180014.41027,380582,0.7041,39,
39,01,,242,4,2017,,"ПАТ ""УНІВЕРСАЛ БАНК""",661437.556,724786.75374,3400.22122,759184.43711,30100.6444,762115.1554,43009.56535,1108131.38026,111798.41834,2280530.56977,1773247.00904,322001,1.3784,40,
40,01,,320,4,2017,,БАНК ІНВЕСТ. ТА ЗАОЩАДЖЕНЬ,695879.91012,685879.41778,4143.14915,4525807.7945,115042.37834,33957.85048,323.08195,5273.39623,0.89634,98018.42451,98017.72916,380281,0.1598,41,
41,01,,96,4,2017,,"ПАТ ""А - БАНК""",255328.24525,6671677.80417,46234.03144,603579.40122,53633.317,71158.87546,26171.75517,158221.92067,129948.72263,433345.02936,433345.02936,307770,3.17,42,
42,01,,288,4,2017,,"АБ ""КЛІРИНГОВИЙ ДІМ""",364712.4922,1646889.71327,3645.9114,136397.56369,109.92872,417316.88873,24328.86181,191080.15612,91246.64109,176792.60946,89226.09288,300647,-2.84,43,
43,01,,191,4,2017,,"ПАТ АКБ ""АРКАДА""",387450.51028,318366.31049,3117.44148,187759.53158,10663.42291,552640.42311,101978.52713,1527.32327,1215.17467,4829.63444,4829.63444,322335,0.3983,44,
44,01,,113,4,2017,,"ПАТ ""Полтава-банк""",428589.42925,305500.24825,770.95635,247223.55854,469.4211,100795.69122,1.46802,41112.35068,21954.8401,43457.59804,43286.76649,331489,4.46,45,
45,01,,206,4,2017,,"АТ ""Місто Банк""",138507.98125,288894.51962,35.58558,210905.30823,1261.02648,640658.75235,49906.0349,702711.95187,229806.97061,33641.60585,33641.60585,328760,-15.6494,46,
46,01,,386,4,2017,,"ПАТ ""КБ ""ГЛОБУС""",197510.54336,368813.59573,3014.86183,608519.34099,14946.77635,73348.52615,15166.03827,52331.10392,15086.69369,108493.06744,106230.46969,380526,-5.5355,47,
47,01,,553,4,2017,,"ПАТ ""БАНК АВАНГАРД""",0,381219.66277,3049.58143,241857.98492,48395.72839,12007.26228,3096.0977,0,0,0,0,380946,5.0659,48,
48,01,,123,4,2017,,"ПАТ ""БАНК ""ГРАНТ""",447536.47434,582444.19787,374.40522,479901.15428,2033.77323,128510.75911,1007.96876,16006.28068,8676.5978,44881.47094,41552.49011,351607,2.84,49,
49,01,,48,4,2017,,"АКБ ""НОВИЙ""",112541.91607,126036.83468,424.6128,101282.57157,20.87752,239538.53372,29084.9163,51652.15419,34095.26737,17955.95564,17854.1918,305062,-0.0142,50,
50,01,,143,4,2017,,"ПАТ ""КОМІНВЕСТБАНК""",265847.16037,263181.27472,964.90572,406234.3604,3007.95574,144922.8547,5564.31791,13193.63638,8799.54877,72353.45011,72353.45013,312248,0.4808,51,
51,01,,381,4,2017,,"ПАТ ""МОТОР-БАНК""",95391.34426,194442.84766,119.22739,18499.38322,0,61.94773,24.77908,4.21818,3.37454,21758.46652,21758.46652,313009,2.7042,52,
52,01,,460,4,2017,,"ПАТ ""БАНК СІЧ""",338972.24101,222523.89285,25.9828,394129.67976,506.40971,120635.95805,16.49521,26182.19137,0,11512.52579,6293.52956,380816,0.0703,53,
53,01,,133,4,2017,,"ПАТ ""АСВІО БАНК""",308819.12332,655976.39603,790.4,365252.21393,3876.8693,97333.74296,3992.88334,63892.46395,61500.91661,7939.4205,7939.4205,353489,1.04,54,
54,01,,394,4,2017,,"ПАТ ""БАНК 3/4""",29116.0721,163424.68326,94.55962,350743.9379,8231.661,0,0,0,0,69.16649,69.16649,380645,6.9391,55,
55,01,,395,4,2017,,"ПАТ ""ЄВРОПРОМБАНК""",214872.44827,91769.03474,1.99233,1420.92619,0.04294,418212.60369,76158.60889,616902.50647,209384.81191,2569.12225,2569.12225,377090,-7.8527,56,
56,01,,694,4,2017,,"ПАТ ""КРИСТАЛБАНК""",78562.82453,149308.00519,1346.40917,62636.29994,1387.63532,34290.39702,6212.02411,1529.08337,721.92273,19276.27479,14523.13856,339050,7.4818,57,
57,01,,286,4,2017,,"ПАТ ""АБ ""РАДАБАНК""",234527.43989,346362.87305,1140.1559,269242.38404,21689.99218,17319.49034,5449.46812,7160.02161,4798.2592,32922.28074,32922.28074,306500,1.7937,58,
58,01,,231,4,2017,,"ПАТ ""ЮНЕКС БАНК"" м. Київ",395134.87328,34637.85746,618.73723,295501.72637,508.19858,136911.17881,7048.56808,55899.84917,41.94437,213158.68436,210333.05095,322539,-1.64,59,
59,01,,328,4,2017,,"АТ ""БАНК БОГУСЛАВ""",57745.96534,162800.40008,281.19549,341597.2744,2668.99843,4177.79045,17.24811,0,0,38555.79768,28296.00229,380322,-0.3964,60,
60,01,,122,4,2017,,"ПАТ ""ФІНБАНК""",127220.76178,0,0,172406.95317,12068.48685,593002.52964,124530.53278,0,0,143139.69215,143139.69215,328685,-12.0395,61,
61,01,,205,4,2017,,"АТ ""МетаБанк""",77516.76459,172056.3093,763.02806,127091.85402,160.60087,3834.62005,16.9917,7975.11178,1099.49213,31327.20835,22869.3089,313582,3.37,62,
62,01,,146,4,2017,,"ПАТ""БАНК ""УКРАЇН.КАПІТАЛ""",122831.58095,281769.47804,1311.59211,182097.10244,1886.61769,29243.9887,790.27669,58.75404,1.0219,47092.67824,33550.58559,320371,0.3616,63,
63,01,,377,4,2017,,"АТ ""УКРБУДІНВЕСТБАНК""",39672.37684,81633.53391,192.32286,197597.28476,3352.90376,15551.85578,0,9106.25762,0,70055.67635,21008.08528,380377,0.1343,64,
64,01,,95,4,2017,,"ПАТ ""ОКСІ БАНК""",189137.43145,196842.23003,144.58453,238505.34187,2562.16432,37191.44515,111.19942,16405.07474,153.41242,27669.68086,15045.3962,325990,0.1071,65,
65,01,,241,4,2017,,"ПАТ ""АЙБОКС БАНК""",136826.78993,709812.70543,626.82487,221012.78629,79.0651,17257.16289,12.83377,310.07862,162.31995,14821.01462,11624.96478,322302,0.0284,66,
66,01,,463,4,2017,,"ПАТ ""ДІВІ БАНК""",62476.74676,164836.38543,4873.83044,40317.82951,4080.92474,0,0,0,0,236.75815,236.75815,380827,0.276,67,
67,01,,49,4,2017,,Полікомбанк,1904.84834,103107.49848,10.61748,189859.76187,4549.94319,100750.49363,4914.14747,0,0,36518.69029,20491.03892,353100,0.0526,68,
68,01,,392,4,2017,,"ПуАТ ""КБ ""АКОРДБАНК""",99740.10406,68715.59421,642.95992,14907.34411,786.07036,188245.18685,13926.04252,112124.10301,17344.2173,14484.84464,13715.84464,380634,-8.88,69,
69,01,,294,4,2017,,"ПАТ ""ПФБ"" м.Кременчук",74126.47682,237948.3785,2521.23618,64834.46759,3806.71354,268.86966,53.41046,0,0,15016.9457,14693.26925,331768,6.5333,70,
70,01,,326,4,2017,,"ПАТ ""АКБ ""КОНКОРД""",51433.28445,239168.66296,10528.02231,74633.54211,8595.10925,56123.56914,1880.41778,138.94285,111.25046,10942.21852,10935.5527,307350,0.5269,71,
71,01,,311,4,2017,,"ПАТ ""АКБ ""Траст-капітал""",11825.05398,109710.02928,18.75324,148254.6554,3649.38341,35585.72277,4427.42757,4531.80487,1062.42459,49314.86351,49314.86351,380106,-0.0814,72,
72,01,,402,4,2017,,"ПАТ ""ВЕРНУМ БАНК""",56924.32446,181012.70034,261.54596,154726.10995,972.65451,1605.15056,0,11.47576,9.17556,3363.4685,2585.72999,380689,3.4021,73,
73,01,,774,4,2017,,"ПАТ ""РВС БАНК""",5388.91086,48277.04992,131.96114,15807.50466,1614.7183,20.6358,3.65988,0,0,5661.40107,5661.40107,339072,-16.58,74,
74,01,,29,4,2017,,"ПАТ ""БАНК АЛЬЯНС""",32674.70004,167422.53479,2932.53401,180277.93919,194.19575,0,0,0,0,3106.11042,3106.11042,300119,23.7645,75,
75,01,,72,4,2017,,"ПАТ ""БАНК ФАМІЛЬНИЙ""",0,906.86438,1.12885,25694.50708,26.73768,0,0,0,0,77939.23392,77924.23393,334840,0,76,
76,01,,406,4,2017,,"ПАТ ""АПЕКС-БАНК""",121327.39564,5498.94977,0.97329,83651.36545,7715.68968,0,0,124852.81965,119753.81806,143203.63622,123665.36893,380720,-52.0501,77,
77,01,,674,4,2017,,"ПАТ ""ВЕКТОР БАНК""",42090.18039,58205.11862,394.66736,112253.86074,56.28179,36297.95187,6239.15831,0,0,0,0,339038,-1.1463,78,
78,01,,243,4,2017,,"ПАТ ""КБ ""ЗЕМЕЛЬНИЙ КАПІТАЛ""",39819.01807,108450.09335,1.06471,62825.01125,0,6439.75608,1594.22839,161.24633,0,6793.38007,408.12411,305880,0.7956,79,
79,01,,43,4,2017,,"АТ ""АЛЬТБАНК""",0,13220.38091,0,210.77206,37.82103,0,0,0,0,0,0,320940,0.5965,80,
80,01,,510,4,2017,,"ПАТ ""КБ""ФІНАНСОВИЙ ПАРТНЕР""",19601.64705,67152.52151,1817.14043,22714.7676,1249.22564,0,0,0,0,14941.92625,12646.62504,380872,1.105,81,
81,01,,634,4,2017,,"ПАТ ""БАНК ""ПОРТАЛ""",83846.06034,121594.86673,1373.88161,45219.61286,3971.12572,0,0,0,0,3217.2566,3217.2566,339016,-3.6044,82,
82,01,,334,4,2017,,"ПАТ ""КРЕДИТ ОПТИМА БАНК""",17702.34167,2655.58399,0,21020.74419,2159.66831,50250.68699,855.48382,0,0,12020.13034,12020.13034,380571,0.1546,83,
83,01,,512,4,2017,,"ПАТ ""АЛЬПАРІ БАНК""",0,3928.99595,25.35009,5876.40366,0,0,0,0,0,0,0,380894,2.3061,84,
84,01,,654,4,2017,,"ПАТ ""КБ ""ГЕФЕСТ""",0,52200,1326,30086.69169,1920,0,0,0,0,44500,44500,377120,-32.53,85,
85,01,,430,4,2017,,"ПАТ КБ ""Центр""",53300.47428,123308.94611,-57.99358,138134.7224,3379.19683,16635.07119,396.9944,3102.93585,0,15404.38029,13396.01552,380742,0.4392,86,
86,01,,387,4,2017,,"ПАТ ""АП БАНК""",76474.71709,59752.61451,279.51917,63897.10286,7614.53235,2842.30328,1021.52605,0,0,0,0,380548,-1.7101,87,
87,01,,240,4,2017,,"АТ ""КІБ""",79611.78914,89365.28389,1067.37938,125901.98159,5865.02892,892.27909,175.66859,336.23881,90.51687,4846.33075,2152.57549,322540,0.9052,88,
88,01,,290,4,2017,,"""ПЕРШИЙ ІНВЕСТИЦІЙНИЙ БАНК""",317834.32813,448232.56672,838.88886,446683.50583,10817.17039,57354.94706,2494.09269,16.76777,13.41422,8516.02449,7611.16485,300506,0.21,89,
89,01,,91,4,2017,,"ПАТ АКБ ""Львів""",766976.87655,407098.8443,343.2453,415299.79719,678.44932,151296.74165,13490.66073,95554.17667,33374.45134,92382.59626,60692.61184,325268,-0.2817,90,
90,01,,262,4,2017,,"АБ ""ЕКСПРЕС-БАНК""",106452.95151,202423.63331,1971.84167,369088.24351,8538.76288,39234.1337,12828.67834,19664.02839,145.40668,183905.44364,175182.59352,322959,0.0149,91,
91,01,,101,4,2017,,"АКБ ""ІНДУСТРІАЛБАНК""",386028.71364,487765.24087,9625.50464,1643767.04609,12083.90412,162411.41095,22802.54778,78139.11981,67305.58965,67508.49694,60535.18171,313849,0.0035,92,
92,01,,128,4,2017,,"АТ ""РЕГІОН-БАНК""",67869.08863,42149.55251,98.99505,52044.12645,937.48251,17632.44528,89.14964,53004.32745,27950.76834,14049.91008,11454.13008,351254,0.25,93,
93,01,,66,4,2017,,"АТ ""РОДОВІД БАНК""",1724694.73357,0,0,2440.35438,143.82587,232.21129,166.98058,1261.65681,1153.49851,7165416.87069,7163186.33148,321712,-2.71,94,
94,01,,169,4,2017,,"АТ ""НК БАНК""",35797.86363,25186.33444,3.25842,,,194927.56233,20055.81627,,,51941.97943,39976.36416,322432,2.5008,95,
95,01,,304,4,2017,,"АТ ""ФОРТУНА-БАНК""",150565.19645,132523.50482,257.63041,1129190.53419,188858.40282,,,610739.47859,324439.9259,228274.48162,183051.81056,300904,-11.5254,96,
96,01,,316,4,2017,,"ПАТ ""ПтБ""",419630.02142,1202539.06249,-8436.97292,2607664.86284,-89426.26532,434472.26358,-96229.25934,288385.63301,-178763.44383,1386573.97716,-1255391.87387,380388,-8.0379,97,
97,01,,317,4,2017,,"ПАТ КБ""ФІНАНСОВА ІНІЦІАТИВА",14842154.30184,231034.9734,1856.80631,8659288.52714,1731877.58081,10696563.54571,5385629.55826,1468317.75396,1168709.01917,301888.5599,301888.5599,380054,-3.1586,98,
98,01,,513,4,2017,,"ПАТ ""БАНК ""ЮНІСОН""",297932.00776,51294.98568,222.57347,110971.26336,5348.54837,298960.61567,75483.00926,20284.88944,8297.55094,17431.30809,17391.51239,380902,-13.3816,99,
99,01,,109,4,2017,,"ПАТ ""КБ""ІНВЕСТБАНК""",,"інформація відсутня, на дату надання показників банк ліквідовано",,,,,,,,,,328210,,100,
100,01,,,4,2017,,,,,,,,,,,,,,,,"* Без врахування коригуючих річних проводок, у тому числі за результатами зовнішнього аудиту",
101,10,  2,,4,2016,"АТ ""Укрексімбанк""",,61137352.96549,27676457.5947,99808.3447,27325857.5435,231708.78705,11585997.70725,511915.44794,13251875.43225,4172432.26632,42605160.09004,39994949.85127,322313,-0.3,1,
102,10,  6,,4,2016,"АТ ""ОЩАДБАНК""",,43867380.38598,8413802.35017,94609.65494,40692195.52272,4502588.96834,17623545.86973,3485696.48818,20961070.20402,5506177.75132,43646547.32258,37556475.43811,300465,0.3,2,
103,10,274,,4,2016,"АБ ""УКРГАЗБАНК""",,13027722.71767,16609659.33954,53480.68492,8553828.25983,155339.59745,1038039.32862,5182.13156,521850.99056,399652.06538,6899874.05235,6800886.89413,320478,0.3111,3,
104,10,313,,4,2016,Укр.банк реконстр.та розв.,,0,,0,,,,,,,,,380883,-2.4849,4,
105,10,593,,4,2016,"ПАТ ""РОЗРАХУНКОВИЙ ЦЕНТР""",,,,,,,,,,,0,0,344443,1.1227,5,
106,10,  3,,4,2016,"ПАТ ""Промінвестбанк""",,31485737.15288,1143357.5791,9659.37815,23388054.53867,1460482.29824,1092467.71532,94206.43905,4893769.10955,2391729.12977,25226916.13909,20653431.46189,300012,-14.1,6,
107,10,  5,,4,2016,"ПАТ ""УКРСОЦБАНК""",,14782596.52052,13362401.63921,135871.8885,9078677.71775,114857.01685,9487010.34833,4645176.42088,253090.74933,161248.46444,31715742.41741,25367547.87383,300023,-7.24,7,
108,10, 36,,4,2016,"АТ ""Райффайзен Банк Аваль""",,16763436.2536,32408062.16067,151747.09286,9584740.50652,312522.60634,4872359.50792,618190.56715,3030343.93966,937278.84815,24970109.21237,24132890.20353,300335,3.5613,8,
109,10, 42,,4,2016,"ПАТ ""ВТБ БАНК""",,16080506.92861,1368441.22574,8547.57239,2333095.40373,240725.15378,630884.78776,6305.5396,12656982.18976,3596904.85832,22302748.72436,19670952.11527,321767,-32.2971,9,
110,10, 43,,4,2016,"ПАТ ""НЕОС БАНК""",,0,874.55883,0,234.75106,37.37392,0,0,0,0,0,0,320940,-1.9118,10,
111,10, 88,,4,2016,"ПАТ ""КРЕДОБАНК""",,2267918.34592,4542479.06148,7063.17636,1993373.26964,17021.51679,65334.64728,3986.29078,50255.01725,8834.51141,629313.52405,527188.96893,325365,3.1832,11,
112,10, 97,,4,2016,"ПАТ ""ВіЕс Банк""",,431704.50932,663497.65165,14536.54321,905417.51957,48538.3696,74521.19388,12987.86382,53177.40259,37851.08106,1352622.97799,1216889.06231,325213,1.9842,12,
113,10,105,,4,2016,"ПАТ ""МАРФІН БАНК""",,369224.68768,757594.21988,0,412702.34267,16162.01503,446287.93792,120301.36148,8722.65751,231.38513,623058.82629,352644.232,328168,0.68,13,
114,10,136,,4,2016,"АТ ""УкрСиббанк""",,5025035.7453,24184936.03345,36279.39148,10409356.60366,306738.31323,152090.59302,10214.44529,742032.74442,174191.24917,7871548.98208,5748568.20356,351005,-3.04,14,
115,10,142,,4,2016,"ПАТ ""Ідея Банк""",,100928.17545,1844458.01537,136585.11524,778071.91888,40653.15302,82626.57652,31053.36855,79230.04183,55735.46547,165910.53081,112191.09062,336310,0.89,15,
116,10,153,,4,2016,"ПАТКБ ""ПРАВЕКС-БАНК""",,276958.5502,1795041.1139,3046.26549,785471.11689,13691.15894,21838.13188,3369.54931,80247.82043,6046.58645,2457959.94065,2332230.03104,380838,-4.22,16,
117,10,171,,4,2016,"ПАТ ""КРЕДІ АГРІКОЛЬ БАНК""",,9393823.47675,28536440.07949,55452.20562,5731108.79516,236379.72999,176056.41404,8670.21029,363625.64742,127447.39024,4479957.38241,4246180.92748,300614,2.72,17,
118,10,242,,4,2016,"ПАТ ""УНІВЕРСАЛ БАНК""",,653175.65886,602428.42211,3567.46287,1837161.21458,46846.52184,649273.24669,30367.39814,212185.90069,98668.99,2139650.84153,1681955.72506,322001,3.2313,18,
119,10,251,,4,2016,"АТ ""ПІРЕУС БАНК МКБ""",,1276703.60449,678304.15501,538.48241,544148.3393,2008.4011,208148.61851,111.10822,362.34372,81.01044,1713617.5108,1699284.50559,300658,0.2426,19,
120,10,272,,4,2016,"ПАТ ""АЛЬФА-БАНК""",,13045259.44693,22352496.83212,411947.58677,8649167.20489,668938.1685,9171592.31855,2328463.88887,6848411.71517,1063939.49119,10583229.52438,5838954.59121,300346,-1.5564,20,
121,10,295,,4,2016,"ПАТ ""ІНГ Банк Україна""",,6916742.79544,9204445.38727,5319.35266,4216358.78162,8505.58237,,,1726.94672,1172.24616,8377406.79995,1621055.86473,300539,5.0369,21,
122,10,296,,4,2016,"АТ ""ОТП БАНК""",,6431474.51482,12969150.15429,162678.44542,14390182.91699,2740415.34308,605124.06364,306299.63827,1434200.39771,1071974.34399,6485317.15241,5377644.93435,300528,5.1699,22,
123,10,297,,4,2016,"ПАТ ""СІТІБАНК""",,2109763.37962,23482436.88607,23278.64185,4274820.21818,116339.23554,26020.76678,7285.81471,,,,,300584,7.93,23,
124,10,298,,4,2016,"АТ ""ПРОКРЕДИТ БАНК""",,4757918.89936,5292907.9599,18199.25119,3076319.08174,79956.25754,429753.21014,31641.13089,59438.57396,19847.32901,334588.78136,220836.81077,320984,3.1702,24,
125,10,299,,4,2016,"ПАТ ""СБЕРБАНК""",,30589451.13495,4131405.75707,6672.18537,27457267.19486,406837.52509,2634623.4365,222137.1147,8145800.93275,2040260.24736,21737918.09018,17397701.58151,320627,,25,
126,10,321,,4,2016,"АТ ""БМ БАНК""",,472796.74179,360200.90466,293.42282,446285.84478,12165.45641,1643836.18051,211099.50177,127372.63,28987.16312,467081.03918,371309.97079,380913,-19.3492,26,
127,10,325,,4,2016,"ПАТ ""БАНК ФОРВАРД""",,0,2004174.00701,26691.99305,146534.50799,20106.36838,30190.29689,12182.91343,24455.81744,20346.56573,225676.70534,225676.70534,380418,0.064,27,
128,10,329,,4,2016,"ПАТ ""КРЕДИТ ЄВРОПА БАНК""",,639845.9629,2682896.49136,42.29329,538508.29898,41949.56551,924189.1504,134604.57105,821.8727,805.16681,253657.43637,253657.43637,380366,0.7762,28,
129,10,407,,4,2016,"ПАТ ""Дойче Банк ДБУ""",,101389.26249,2418007.18557,792.65462,519703.66858,6200.33127,,,,,,,380731,5.3731,29,
130,10,455,,4,2016,"ПАТ""СЕБ КОРПОРАТИВНИЙ БАНК""",,262069.54178,2670167.8087,1.41803,1037920.5768,20.32505,,,,,,,380797,4.673,30,
131,10, 46,,4,2016,"ПАТ КБ ""ПРИВАТБАНК""",,8639634.48739,99123718.49659,407922.27212,40834746.36809,1587847.46339,120388869.15654,5713749.70011,9307861.13328,2900188.24973,23402607.13378,19381897.05645,305299,0.29,31,
132,10,106,,4,2016,"Акціонерний банк""Південний""",,4839626.0454,7174578.63746,2560.72579,11008373.90182,72806.93525,885618.73044,103284.66204,558444.6589,387108.34277,1008837.52189,834707.9928,328209,0.3392,32,
133,10,115,,4,2016,"ПАT ""ПУМБ""",,14475190.9898,10266738.87284,146686.99637,19892931.2952,696330.3389,1052546.29791,54872.94655,1514554.67308,152427.43283,10586431.11034,9707487.75277,334851,0.9178,33,
134,10,126,,4,2016,"ПАТ ""МЕГАБАНК"", Харків",,3920495.46702,2282668.47897,6833.15586,6389209.38135,25781.30714,521044.6042,3914.69578,289288.41534,102774.03059,457578.63008,373982.9619,351629,0.22,34,
135,10,232,,4,2016,"ПАТ ""ДІАМАНТБАНК""",,1007015.23073,1307062.79304,1012.6921,2303138.19152,62684.85046,1165777.54407,197905.70683,28329.48701,204.22781,563662.38934,296296.65316,320854,-9.6463,35,
136,10,270,,4,2016,"ПАТ ""БАНК КРЕДИТ ДНІПРО""",,2536720.7844,2661879.13557,4375.70204,1293217.39934,50739.44449,915432.23923,35811.36501,8476.24086,429.6791,3437030.50898,1680147.56614,305749,-4.05,36,
137,10,305,,4,2016,"ПАТ ""БАНК ВОСТОК""",,1394302.60337,2721868.30404,453.44769,2997143.71813,6413.67772,118853.71037,28496.94565,165167.16869,61293.05616,250654.6678,66119.24349,307123,1.27,37,
138,10,316,,4,2016,"ПАТ ""ПтБ""",,423981.9379,2277223.80754,-133018.51766,3886288.75477,-204499.7968,103093.94154,-35972.68236,132612.13438,-81653.33132,636533.30645,-502868.42229,380388,-6.1099,38,
139,10, 29,,4,2016,"ПАТ ""БАНК АЛЬЯНС""",,32533.16958,80779.79454,2587.6411,98031.93107,2181.73926,29489.55886,14479.28563,2.06172,2.01029,2959.9256,2959.9256,300119,12.7697,39,
140,10, 48,,4,2016,"АКБ ""НОВИЙ""",,109923.98781,153030.74382,909.64059,164069.37411,76.54612,234230.95209,25870.35484,38456.3379,3393.17969,13848.19253,13745.87075,305062,0.009399999999999999,40,
141,10, 49,,4,2016,Полікомбанк,,198705.2734,87023.24456,95.96947,235750.33901,867.84522,98547.28351,3432.86697,0,0,37996.61067,19542.75473,353100,0.0465,41,
142,10, 62,,4,2016,"АТ ""ТАСКОМБАНК""",,1759941.81033,4532157.56184,14760.05373,2879802.58761,54366.07906,6198.11622,1056.39004,286189.88148,165825.59174,146223.51914,119956.3117,339500,0.05,42,
143,10, 72,,4,2016,"ПАТ ""БАНК ФАМІЛЬНИЙ""",,,1003.59638,0.65992,26029.38516,26.09397,1827.01657,,,,74647.07944,74512.88067,334840,0,43,
144,10, 91,,4,2016,"ПАТ АКБ ""Львів""",,817889.89814,481042.24406,386.84791,450570.42521,1963.19021,55134.00547,952.43474,83441.86403,32655.04792,121912.36018,89282.1174,325268,-2.0315,44,
145,10, 95,,4,2016,"ПАТ ""ОКСІ БАНК""",,184467.61941,193546.73466,782.60405,276272.23001,2957.87908,23824.39322,824.8508,19112.96167,921.90031,26321.74084,11169.34483,325990,0.11,45,
146,10, 96,,4,2016,"ПАТ ""А - БАНК""",,251407.10928,3761460.42405,40156.56192,430909.32659,31018.34636,432147.2576,124639.38163,59582.91939,46108.66451,386641.67653,385418.68264,307770,5.05,46,
147,10,101,,4,2016,"АКБ ""ІНДУСТРІАЛБАНК""",,365071.03625,480184.21726,9041.79447,1569318.95593,28595.8931,149893.62141,54899.03521,76399.37324,59878.09095,66473.80804,59561.27114,313849,-0.7027,47,
148,10,109,,4,2016,"ПАТ ""КБ ""Інвестбанк""",,47703.20515,38181.73758,148.7737,137070.76823,3071.92441,166559.38629,649.95538,969.0527,217.85563,8428.13515,8428.13515,328210,-1.5288,48,
149,10,113,,4,2016,"ПАТ ""Полтава-банк""",,375699.63121,264933.16588,889.6489,228215.00571,3930.13992,129357.41113,25926.78695,11247.66721,236.06727,48844.94124,45105.91676,331489,4.04,49,
150,10,122,,4,2016,"ПАТ ""ФІНБАНК""",,122689.80669,6.20952,0,167215.39923,11704.75856,645707.85035,135598.64843,,,76219.00755,76219.00755,328685,-9.6639,50,
151,10,123,,4,2016,"ПАТ ""БАНК ""ГРАНТ""",,476296.67251,490517.62586,373.12185,489982.06717,1323.48202,128319.9875,607.81965,17639.03692,8567.46638,43211.36327,39850.13796,351607,1.97,51,
152,10,128,,4,2016,"АТ ""РЕГІОН-БАНК""",,105857.57977,58641.71598,140.81112,108667.59765,5645.10399,93034.11051,18975.99143,20078.80074,7571.84793,13978.51112,11727.58112,351254,0.5174,52,
153,10,129,,4,2016,"ПАТ ""БТА Банк""",,125729.22303,38036.81741,153.32374,95150.83096,3752.44379,85152.30318,22142.13048,151098.92287,149336.3418,429022.06273,142862.67363,321723,1.57,53,
154,10,133,,4,2016,"ПАТ ""АСВІО БАНК""",,368449.07905,1390204.75606,111.21046,436148.00431,35139.14891,99998.26071,5028.82506,32190.95923,25620.01685,7910.20697,7910.20697,353489,0.29,54,
155,10,143,,4,2016,"ПАТ ""КОМІНВЕСТБАНК""",,258724.76108,285091.00945,3291.83798,421208.38193,4123.63111,153114.32839,4101.67746,1968.84858,587.83132,82013.78851,82013.78852,312248,0.26,55,
156,10,146,,4,2016,"ПАТ""БАНК ""УКРАЇН.КАПІТАЛ""",,177162.97674,153374.69996,81.38186,322277.05639,1970.96282,15384.74554,5439.00645,22799.86612,3770.68113,44797.03642,31418.28873,320371,0.5346,56,
157,10,169,,4,2016,"АТ ""НК БАНК""",,34840.71292,25076.40418,2.37013,2534.84277,192.78903,193916.41045,18414.96261,,,51494.69391,38875.57593,322432,3.4291,57,
158,10,191,,4,2016,"ПАТ АКБ ""АРКАДА""",,270997.01968,239144.20487,1624.19224,109448.0445,7459.01811,630412.90115,123240.54393,811.60837,619.23323,11301.58413,11301.58413,322335,0.3217,58,
159,10,205,,4,2016,"АТ ""МетаБанк""",,105257.62837,131752.60302,635.57332,147615.61474,258.69745,13640.74622,1129.18921,11112.2131,5521.05464,24076.20756,17912.634,313582,3.17,59,
160,10,206,,4,2016,"АТ ""Місто Банк""",,132625.54104,309972.6259,38.95362,191942.26496,1459.56776,629290.26475,38299.39667,686124.55765,224396.01006,40461.51573,40351.24607,328760,-19.2589,60,
161,10,231,,4,2016,"ПАТ ""ЮНЕКС БАНК"" м. Київ",,402908.86019,40985.90983,643.65224,308787.17771,392.63691,136910.24884,6850.09143,115316.40655,59910.28229,211942.98084,158371.06404,322539,-4.51,61,
162,10,240,,4,2016,"АТ ""КІБ""",,93948.11737,72828.81515,447.90527,148320.94021,5568.32714,53.29207,21.31682,4916.29387,458.6805,354.4929,354.4929,322540,0.8864,62,
163,10,241,,4,2016,"ПАТ ""АЙБОКС БАНК""",,156238.61016,571465.44735,528.8011,200359.65756,111.77074,266.70574,10.24115,98.35696,50.16216,15295.76635,11457.62124,322302,0.0353,63,
164,10,243,,4,2016,"ПАТ ""КБ ""ЗЕМЕЛЬНИЙ КАПІТАЛ""",,21144.28333,106510.86662,2.57055,103372.94484,4.00728,6519.68927,961.93316,6080.16349,,5193.65529,2100.32349,305880,1.2626,64,
165,10,262,,4,2016,"АБ ""ЕКСПРЕС-БАНК""",,111313.58766,204213.51399,2574.36028,235538.44427,10474.29033,167059.77512,13486.16975,18959.23666,723.26877,185169.7606,171200.63822,322959,-0.681,65,
166,10,286,,4,2016,"ПАТ ""АБ ""РАДАБАНК""",,210883.03345,292238.23324,293.86037,291154.76796,14475.64271,22385.8032,8898.68392,1298.43182,82.59101,24284.50866,24284.50866,306500,2.1722,66,
167,10,288,,4,2016,"АБ ""КЛІРИНГОВИЙ ДІМ""",,495947.96033,1689644.21454,2546.95959,123551.36173,2045.14291,677929.93825,108690.37933,280891.06716,242296.14018,307196.87587,164188.79969,300647,-5.22,67,
168,10,290,,4,2016,"""ПЕРШИЙ ІНВЕСТИЦІЙНИЙ БАНК""",,316957.55354,319337.17585,1620.51541,474042.11786,3698.82728,20020.08197,0,27287.50091,5340.00281,8238.49087,7693.52154,300506,1.01,68,
169,10,294,,4,2016,"ПАТ ""ПФБ"" м.Кременчук",,78833.96542,249904.45396,3194.71776,56089.15316,3607.65236,804.56732,274.43013,211.85213,142.58213,16492.33037,15741.61352,331768,7.3313,69,
170,10,303,,4,2016,"АТ ""АРТЕМ-БАНК""",,212671.47331,98890.62748,38.36734,69770.48493,2708.25893,91381.14916,50.36551,45741.09171,15055.34432,312018.36472,232843.21012,300885,,70,
171,10,304,,4,2016,"АТ ""ФОРТУНА-БАНК""",,178603.4544,71367.40667,562.60457,2414255.82825,235794.41585,,,144907.74198,34206.48334,255516.69221,247713.50987,300904,-3.9179,71,
172,10,309,,4,2016,"ПАТ ""ФІНЕКСБАНК""",,129842.88157,52282.59561,81.88701,134050.58141,2653.14237,,,,,5029.52768,5029.52768,380311,-0.8883,72,
173,10,311,,4,2016,"ПАТ ""АКБ ""Траст-капітал""",,11450.1204,111372.20019,24.97199,156370.46226,2251.33349,35583.73853,3915.34378,4263.3408,870.09888,47412.07287,47412.07287,380106,-0.1097,73,
174,10,320,,4,2016,БАНК ІНВЕСТ. ТА ЗАОЩАДЖЕНЬ,,804350.12256,745095.09755,2990.59055,4660940.12018,90117.55772,27876.20983,328.6142,0,0,95918.19778,95918.19778,380281,0.1607,74,
175,10,326,,4,2016,"ПАТ ""АКБ ""КОНКОРД""",,68573.32692,213354.39138,9784.92223,93939.64142,11872.62181,79829.15237,4927.43436,8241.49007,1173.66901,5776.14263,5775.3349,307350,1.9613,75,
176,10,328,,4,2016,"АТ ""БАНК БОГУСЛАВ""",,61539.81115,117411.19287,297.09961,364735.50007,2647.93855,5298.56161,36.94332,,,40694.98039,29635.36097,380322,-1.3259,76,
177,10,331,,4,2016,"ПАТ ""КРЕДИТВЕСТ БАНК""",,311457.66073,468191.96212,668.19466,620623.40389,9826.58088,,0,,,2180.6016,2180.6016,380441,3.1073,77,
178,10,334,,4,2016,"ПАТ ""КРЕДИТ ОПТИМА БАНК""",,38029.15743,0.83024,0,90855.68502,11337.15984,26914.11322,0,,,12040.16192,9823.89726,380571,0.0774,78,
179,10,377,,4,2016,"АТ ""УКРБУДІНВЕСТБАНК""",,14249.0523,122144.76453,616.80224,94909.1282,3346.47973,20630.17336,5.71943,,,42515.8282,14325.13125,380377,0.1573,79,
180,10,380,,4,2016,"ПАТ БАНК ""ТРАСТ""",,12472.81251,276235.32414,13564.14538,97932.54002,2222.95857,42416.83993,3851.17694,8892.87975,1941.20679,115502.94437,114589.23596,380474,0,80,
181,10,381,,4,2016,"ПАТ ""МОТОР-БАНК""",,92928.91803,182577.54432,114.6416,55978.01949,32.79318,16.46727,6.58691,43322.1502,15835.48035,2632.76722,1723.78582,313009,5.7272,81,
182,10,386,,4,2016,"ПАТ ""КБ ""ГЛОБУС""",,136320.11267,375931.38074,2492.74932,771712.05513,18507.68005,63511.51695,418.95556,39492.64968,7478.16165,149010.65678,146907.08178,380526,-0.14,82,
183,10,387,,4,2016,"ПАТ ""АП БАНК""",,82947.83915,32172.99035,154.91161,78198.29766,10217.85299,,,,,,0,380548,-4.1392,83,
184,10,389,,4,2016,"ПАТ ""МІБ""",,771295.81468,329434.20893,64.06112,1829995.11717,34174.76398,322199.21642,56494.53075,315541.68736,122920.927,132524.51627,132524.51627,380582,0.6843,84,
185,10,392,,4,2016,"ПуАТ ""КБ ""АКОРДБАНК""",,106769.81188,40971.82167,132.99609,38943.9422,326.49554,226265.90252,7723.01587,54157.00257,5271.53299,36527.82967,7220.11277,380634,-3.03,85,
186,10,394,,4,2016,"ПАТ ""БАНК 3/4""",,31239.62872,219109.34791,1590.72188,347301.86218,10021.51931,0,0,0,0,72.47315,72.47315,380645,6.8371,86,
187,10,395,,4,2016,"ПАТ ""ЄВРОПРОМБАНК""",,239204.8811,54838.1925,2.28669,,,1024846.95098,155591.95546,61008.22962,40097.19986,2575.04786,2575.04786,377090,0.0358,87,
188,10,402,,4,2016,"ПАТ ""ВЕРНУМ БАНК""",,43738.03321,186232.10038,537.57865,130059.47674,843.71987,2566.18113,4.77684,1372.40278,387.25541,2102.1207,2102.1207,380689,7.9642,88,
189,10,406,,4,2016,"ПАТ ""АПЕКС-БАНК""",,143555.66934,11861.47381,6.11098,220611.65341,52276.57328,80151.1042,72135.99377,446.5714,,58731.65118,32874.79785,380720,-45.9106,89,
190,10,430,,4,2016,"ПАТ КБ ""Центр""",,21925.16883,40655.58577,169.53674,91749.07782,697.50196,24608.39077,842.93476,5699.54884,1427.73002,13429.09607,13429.09607,380742,2.3073,90,
191,10,460,,4,2016,"ПАТ ""БАНК СІЧ""",,301298.33587,201280.06559,111.35452,396297.30182,1241.44751,119205.87083,0,25978.27673,0,10413.20239,6089.32315,380816,0.0165,91,
192,10,463,,4,2016,"ПАТ ""ДІВІ БАНК""",,108928.54114,165818.17943,5023.64153,56142.8121,4865.95949,0,0,0,0,309.26197,309.26197,380827,6.0141,92,
193,10,510,,4,2016,"ПАТ ""КБ""ФІНАНСОВИЙ ПАРТНЕР""",,22208.50784,91278.53791,986.45692,15546.58932,437.68567,23250,10.5,2295.30121,2272.3482,12646.4093,12646.4093,380872,0.9911,93,
194,10,512,,4,2016,"ПАТ ""АЛЬПАРІ БАНК""",,,5746.16631,38.08363,4884.87856,,,,,,,,380894,2.9606,94,
195,10,553,,4,2016,"ПАТ ""БАНК АВАНГАРД""",,0,81748.62469,2462.50337,438405.86446,86580.12964,11194.39768,1685.59683,,,,,380946,3.9301,95,
196,10,634,,4,2016,"ПАТ ""БАНК ""ПОРТАЛ""",,83760.29824,128038.88866,1423.94269,34825.9511,2998.34348,407.54309,85.85169,,,3503.50722,3503.50722,339016,-6.4683,96,
197,10,654,,4,2016,"ПАТ ""КБ ""ГЕФЕСТ""",,,96700,2636,35454.7723,1920,,,,,,,377120,10.53,97,
198,10,674,,4,2016,"ПАТ ""ВЕКТОР БАНК""",,36487.75798,,,,,,,,,,,339038,0.447,98,
199,10,694,,4,2016,"ПАТ ""КРИСТАЛБАНК""",,55464.61023,88747.53798,854.70438,14285.79772,203.4523,32398.89308,7226.811,2991.0972,2122.23465,16135.76705,16128.09461,339050,19.396,99,
200,10,774,,4,2016,"ПАТ""ПЕРЕХІДН.БАНК""РВС БАНК""",,7257.62812,89554.71405,0,0,0,0,0,0,0,20781.37916,20781.37916,339072,-18.1,100,
201,10, 66,,4,2016,"АТ ""РОДОВІД БАНК""",,1728941.2522,0,0,2512.16454,159.24777,1197.34284,1071.40911,188.73409,90.76489,6997763.17765,6994976.54535,321712,,101,
202,10,317,,4,2016,"ПАТ КБ""ФІНАНСОВА ІНІЦІАТИВА",,14322364.21968,236978.6913,1794.48359,8657615.96691,1728628.50719,9821142.8111,4771584.37369,1577300.97713,1378870.85625,281034.75673,281034.75673,380054,0.2449,102,
203,10,513,,4,2016,"ПАТ ""БАНК ""ЮНІСОН""",,293268.46845,74278.01628,512.04602,122667.74994,5502.94466,4869.15806,1188.87122,280709.86376,111872.72145,47227.57534,30038.72024,380902,-25.2758,103,
204,01,  2,,4,2016,"АТ ""Укрексімбанк""",,53420126.21686,28463362.35403,69354.09952,36434381.87886,367941.36292,11315593.92745,1614153.05774,9372718.24516,2044224.07475,38754565.87816,34723606.63548,322313,-8.17,1,
205,01,  6,,4,2016,"АТ ""ОЩАДБАНК""",,39216144.28206,8590309.77293,278356.23192,45627893.37772,5012482.66366,18618375.27315,3634472.18415,22569696.88095,4888550.09945,29941084.3242,27341543.08069,300465,-8.1,2,
206,01,274,,4,2016,"АБ ""УКРГАЗБАНК""",,11051678.42698,10526247.96406,55181.87308,8739202.16237,278432.08434,241000.46902,7266.76428,651596.66868,412059.71933,7118949.67948,6997679.02806,320478,0.86,3,
207,01,313,,4,2016,Укр.банк реконстр.та розв.,,0,398.12559,1.559,0,0,0,0,0,0,0,0,380883,0.48,4,
208,01,593,,4,2016,"ПАТ ""РОЗРАХУНКОВИЙ ЦЕНТР""",,0,0,0,0,0,0,0,0,0,5002.73973,5002.73973,344443,1.7216,5,
209,01,594,,4,2016,"ПАТ ""Держзембанк""",,0,0,0,0,0,0,0,0,0,0,0,380968,5.6826,6,
210,01,  3,,4,2016,"ПАТ ""Промінвестбанк""",,34317396.65186,4330544.56347,25951.95829,28229286.36062,1832219.91431,516022.14662,88096.85974,6718352.18211,2114604.5388,27262308.27061,24451523.20603,300012,-30.55,7,
211,01,  5,,4,2016,"ПАТ ""УКРСОЦБАНК""",,19684188.16525,18081425.15562,181241.43312,8173575.40748,45425.01852,8985175.32422,4112180.12894,1531690.58894,306461.63399,29983534.8173,23166515.31894,300023,-6.3057,8,
212,01, 36,,4,2016,"АТ ""Райффайзен Банк Аваль""",,16882366.84272,27512629.21668,174396.0954,9306963.76012,207454.05521,2432376.94222,115120.36818,966290.81636,296135.51934,29055601.59857,27912982.78174,300335,0,9,
213,01, 42,,4,2016,"ПАТ ""ВТБ БАНК""",,14967712.27832,1582987.03714,6814.25054,3944460.91982,207231.17287,12737485.45851,939529.85042,2850366.46922,1321175.31567,17673705.59378,16787234.8608,321767,-12.8364,10,
214,01, 43,,4,2016,"ПАТ ""НЕОС БАНК""",,244.09668,3246.42018,0,51953.45484,36.02769,0,0,0,0,21494.83764,17758.25467,320940,-5.7841,11,
215,01, 88,,4,2016,"ПАТ ""КРЕДОБАНК""",,1876872.19525,3187803.4835,28952.40781,1791082.59682,163273.81759,46701.49601,3676.80985,37319.43876,8975.82263,624244.55838,444514.55658,325365,1.4702,12,
216,01, 97,,4,2016,"ПАТ ""ВіЕс Банк""",,384539.78551,721933.14581,15093.48791,1062446.19658,47929.85918,19786.76599,5037.18048,69054.28799,47955.91544,1270621.74673,1046427.41911,325213,3.17,13,
217,01,105,,4,2016,"ПАТ ""МАРФІН БАНК""",,274191.45193,758657.53828,2081.6416,457882.0521,4506.88542,399782.33349,63639.10635,4164.92362,217.2249,413740.27684,209478.62149,328168,-4.38,14,
218,01,136,,4,2016,"АТ ""УкрСиббанк""",,6071294.72582,24666974.72634,39895.01735,9966230.71922,119354.10847,695698.21339,184504.23515,558607.46439,59002.16604,6525862.97893,3396643.51196,351005,0.09,15,
219,01,142,,4,2016,"ПАТ ""Ідея Банк""",,149711.86587,1888970.14105,34506.04925,430821.14834,7767.30158,71393.30224,14679.91714,74714.68124,32307.88062,169147.01141,97973.8745,336310,-10.64,16,
220,01,153,,4,2016,"ПАТКБ ""ПРАВЕКС-БАНК""",,393276.50981,2050389.59612,60422.23011,433874.24315,11415.96741,29368.60448,8326.73216,23348.38365,3203.8469,2781612.51647,1889078.40553,380838,-16.4,17,
221,01,171,,4,2016,"ПАТ ""КРЕДІ АГРІКОЛЬ БАНК""",,8224140.55563,26423949.9325,48263.69066,3841850.88949,122565.45403,657939.69854,6803.52559,238900.90522,105143.80654,3925858.65397,3465699.77643,300614,2,18,
222,01,242,,4,2016,"ПАТ ""УНІВЕРСАЛ БАНК""",,614555.69939,303057.16091,4153.08339,2562050.65984,48977.1958,187742.67318,28759.18446,317537.44071,104723.50053,2471257.47736,1927119.9233,322001,-29.8223,19,
223,01,251,,4,2016,"АТ ""ПІРЕУС БАНК МКБ""",,1434718.91089,334641.4626,444.52003,673591.62314,869.90914,213732.6816,271.45081,4746.83507,2632.83228,1782883.27932,1729514.78171,300658,-13.44,20,
224,01,272,,4,2016,"ПАТ ""АЛЬФА-БАНК""",,11653230.45538,20282763.81049,198792.99136,11423012.52502,153473.00279,12157958.74962,851637.96287,1807850.55906,623181.02609,9837302.46138,7881135.7707,300346,-7.0267,21,
225,01,295,,4,2016,"ПАТ ""ІНГ Банк Україна""",,7000450.83001,7047283.94848,8484.86015,7210185.34555,33903.76834,551212.591,0,493394.6193,48640.48155,4285157.33701,967745.68292,300539,8.4677,22,
226,01,296,,4,2016,"АТ ""ОТП БАНК""",,6822569.35178,9226385.32942,99879.84572,13037784.85998,895785.53673,548146.05745,98558.25946,820409.57755,483843.98744,11002505.75052,9967980.0203,300528,-12.71,23,
227,01,297,,4,2016,"ПАТ ""СІТІБАНК""",,810729.158,21196042.25054,15180.99925,0,0,2178744.09385,49182.77129,0,0,0,0,300584,14.64,24,
228,01,298,,4,2016,"АТ ""ПРОКРЕДИТ БАНК""",,2880130.83563,3593324.17398,8250.17458,2482427.0744,57921.55049,215809.66339,13502.94832,70649.08717,19154.53698,370209.96889,242197.20167,320984,1.3177,25,
229,01,299,,4,2016,"ПАТ ""СБЕРБАНК""",,29564208.79773,8793709.25923,8279.04214,28101464.68023,87596.28259,6369334.40534,506173.00433,6744907.56914,1932997.27139,16569116.93859,11407982.69616,320627,0,26,
230,01,321,,4,2016,"АТ ""БМ БАНК""",,486998.74212,399127.03695,375.11028,425611.96898,9607.71273,1643011.16957,21499.41528,203216.09678,14827.28185,432214.57779,343272.59039,380913,-11.0767,27,
231,01,325,,4,2016,"ПАТ ""БАНК ФОРВАРД""",,0,2123340.13933,28628.54854,80928.95717,9246.71335,39030.60471,15971.28833,28925.11246,23199.89657,408956.20734,408124.62856,380418,-7.5497,28,
232,01,329,,4,2016,"ПАТ ""КРЕДИТ ЄВРОПА БАНК""",,345027.81719,2752902.6136,60.18421,262832.15141,10360.74141,984848.47476,91551.56724,1549.85581,1526.16246,109400.57313,109400.57312,380366,5.19,29,
233,01,407,,4,2016,"ПАТ ""Дойче Банк ДБУ""",,47540.47237,2219297.56758,555.85268,605620.99308,9225.57833,0,0,0,0,0,0,380731,10.1646,30,
234,01,455,,4,2016,"ПАТ""СЕБ КОРПОРАТИВНИЙ БАНК""",,279688.65299,2533263.78044,0.98748,692981.36957,7.02481,0,0,0,0,0,0,380797,4.932,31,
235,01, 22,,4,2016,"ПУАТ ""ФІДОБАНК""",,206798.5724,1464107.27603,5010.4474,2979180.39748,257280.02438,173919.38533,13794.29562,53529.38065,24178.87395,1132667.06277,735566.58182,300175,-15.6187,32,
236,01, 46,,4,2016,"ПАТ КБ ""ПРИВАТБАНК""",,7991692.80539,108365913.0395,965293.80756,20781099.65797,1846146.34548,134728842.67004,12687135.6633,5965433.41491,515790.52982,25283729.23659,12079191.7866,305299,0.11,33,
237,01,106,,4,2016,"Акціонерний банк""Південний""",,4498604.13046,6385221.16986,1464.2532,11569103.54707,191503.63608,349776.67714,51529.51651,523682.18896,367145.68265,961016.26836,654363.68125,328209,0.2836,34,
238,01,115,,4,2016,"ПАT ""ПУМБ""",,15472710.41181,10980915.88111,160607.85325,19353248.04988,511774.90997,2672302.25621,394362.37809,2496600.88864,1614509.45569,9398879.18587,8753083.84482,334851,-4.7751,35,
239,01,126,,4,2016,"ПАТ ""МЕГАБАНК"", Харків",,3734732.17267,1395255.2916,6973.89843,5879235.33563,25924.0166,617325.28614,23545.47509,92172.94079,13324.9886,422476.62008,390757.43239,351629,0.29,36,
240,01,232,,4,2016,"ПАТ ""ДІАМАНТБАНК""",,895492.49243,1009690.02782,1582.58252,2728993.58318,42579.54049,630998.62555,48791.42046,44444.60792,15604.6737,484850.31588,212456.07478,320854,-0.05,37,
241,01,270,,4,2016,"ПАТ ""БАНК КРЕДИТ ДНІПРО""",,3087334.54001,2914951.79739,-2346.86723,1683925.07946,-61698.8863,730858.77702,-17593.48031,510408.95462,-85395.67718,3260792.66703,-1248367.34808,305749,-8.06,38,
242,01,305,,4,2016,"ПАТ ""БАНК ВОСТОК""",,1136134.84761,2355050.4425,2493.55008,2531605.60215,42037.60033,160629.01766,25353.91566,323147.57708,44401.29092,46642.06434,42059.1269,307123,0.79,39,
243,01,316,,4,2016,"ПАТ ""ПтБ""",,415168.22069,2319862.28482,-157390.9185,3813339.14096,-162929.07355,113914.0315,-39817.88557,152125.78119,-104536.26036,599254.8223,-466579.53718,380388,-3.9779,40,
244,01, 29,,4,2016,"ПАТ ""БАНК АЛЬЯНС""",,32843.61739,0,0,10555.98945,2111.19784,0,0,17.65135,17.47484,95427.97922,10791.27601,300119,-6.3782,41,
245,01, 48,,4,2016,"АКБ ""НОВИЙ""",,119367.28758,236590.20909,1686.71306,252260.09571,1030.3713,163564.90741,13264.64082,7189.75538,29.33435,31003.19206,30431.35906,305062,0.0046,42,
246,01, 49,,4,2016,Полікомбанк,,172069.51118,69630.75246,43.42388,211469.34945,538.12843,64410.67472,1541.48285,0,0,38871.46706,19147.53613,353100,0.0353,43,
247,01, 62,,4,2016,"АТ ""ТАСКОМБАНК""",,1150598.30792,1572884.12344,6284.47126,2050860.12738,70324.24736,192878.09344,40888.54266,449.05888,200.46184,179197.91846,150808.61321,339500,0.42,44,
248,01, 72,,4,2016,"ПУБЛІЧНЕ АТ""БАНК ФАМІЛЬНИЙ""",,0,2497.94674,2.22347,31699.29154,18.14379,0,0,0,0,63902.0876,63627.0876,334840,-18.2095,45,
249,01, 91,,4,2016,"ПАТ АКБ ""Львів""",,694651.22407,573047.03278,3009.44149,410542.47766,9213.22406,151160.42186,3291.19271,83275.10689,6692.14588,125263.33027,86053.17096,325268,-2.9789,46,
250,01, 95,,4,2016,"ПАТ ""ОКСІ БАНК""",,177640.34278,206364.24884,298.3059,277411.12752,1025.72634,37369.3042,409.47666,6881.94219,1186.51113,27613.98131,10052.02914,325990,0.0141,47,
251,01, 96,,4,2016,"ПАТ ""А - БАНК""",,202973.68254,3455577.22638,27046.49965,601695.04658,74025.5979,81884.82036,9954.5088,35443.6973,17988.86655,420022.00168,385704.90274,307770,2.07,48,
252,01,101,,4,2016,"АКБ ""ІНДУСТРІАЛБАНК""",,335734.74522,479586.66102,930.62229,1313091.09158,40630.41379,207202.90605,6372.55858,83907.52722,42116.49437,66983.01707,58853.79883,313849,0.09350000000000001,49,
253,01,109,,4,2016,"ПАТ ""КБ ""Інвестбанк""",,50421.27761,127384.70823,1.02126,217935.20373,2070.22989,12222.47388,6.60348,20.49647,10.45376,10032.35852,10032.35852,328210,0.53,50,
254,01,113,,4,2016,"ПАТ ""Полтава-банк""",,411774.66106,188122.20132,364.7498,352058.31927,1679.28855,134868.19531,6890.28842,6485.03767,1.22733,70669.01364,66770.05809,331489,2.75,51,
255,01,122,,4,2016,"ПАТ ""ФІНБАНК""",,139749.26243,332.48759,0,703433.29628,49240.56873,79026.68329,6194.89603,0,0,132418.53947,123561.9391,328685,-2.2923,52,
256,01,123,,4,2016,"ПАТ ""БАНК ""ГРАНТ""",,458455.27338,441049.39467,92.48138,501771.96701,1709.31795,119389.52519,2409.53559,105360.84545,36908.64247,0,0,351607,0.08,53,
257,01,128,,4,2016,"АТ ""РЕГІОН-БАНК""",,104298.45358,101594.77794,569.3537,132637.79548,261.70738,65924.94876,18496.1322,12839.66364,4215.35089,13929.59993,10022.81992,351254,0.96,54,
258,01,129,,4,2016,"ПАТ ""БТА Банк""",,136647.04605,28627.91126,70.13642,79665.02339,38.76767,220576.29798,28243.05558,196.66362,5E-05,467129.24475,235759.48541,321723,0.13,55,
259,01,133,,4,2016,"ПАТ ""АСВІО БАНК""",,321213.36502,1294829.23211,8230.67243,213375.4868,4860.29829,78134.22584,8967.26,35655.96856,23715.36696,4530.67374,193.70447,353489,0.42,56,
260,01,143,,4,2016,"ПАТ ""КОМІНВЕСТБАНК""",,215007.71912,333632.47143,1828.15682,402315.56726,2239.79884,82319.25668,2596.37342,12767.77097,1876.97583,67028.01312,64162.18721,312248,0.2800000000000001,57,
261,01,146,,4,2016,"ПАТ""БАНК ""УКРАЇН.КАПІТАЛ""",,184587.2962,331451.4841,94.18147,146052.33029,874.56419,9830.21399,1153.15918,15255.70059,0,41774.0018,21367.43375,320371,-1.2307,58,
262,01,159,,4,2016,"ПАТ ""ФІНАНС БАНК""",,63853.71995,11361.94075,2.51444,14447.11923,2431.29909,85556.2247,0,0,0,30885.12977,30885.12977,300896,0.49,59,
263,01,169,,4,2016,"АТ ""НК БАНК""",,76635.56686,57602.06928,63.78466,3403.85306,3.4798,214869.8525,25937.80346,0,0,65026.2901,59529.32125,322432,1.6896,60,
264,01,191,,4,2016,"ПАТ АКБ ""АРКАДА""",,626476.99602,90368.76717,1573.86368,234875.46664,6897.31395,2221484.40527,222515.41324,173.08863,160.84994,6830.08512,6830.08512,322335,1.8664,61,
265,01,205,,4,2016,"АТ ""МетаБанк""",,98382.465,107978.01506,2023.06997,159895.88959,1711.77627,6675.67185,106.57767,11515.15347,7719.89943,24420.55844,16739.17983,313582,1.39,62,
266,01,206,,4,2016,"АТ ""Місто Банк""",,302082.54867,513569.48395,1862.54277,630541.01359,19862.9616,833111.02066,27782.00454,65180.57025,9298.90414,32498.71006,32301.04384,328760,-0.9936,63,
267,01,231,,4,2016,"ПАТ ""ЮНЕКС БАНК"" м. Київ",,442703.53046,167329.7625,891.70271,530085.53781,10951.79326,189698.53594,18760.02357,246220.30448,68566.70304,24466.54359,22318.79922,322539,-4.9,64,
268,01,237,,4,2016,"ПАТ ""КСГ БАНК""",,63678.58874,4837.79801,290.26787,343582.02405,22036.39286,64924.6734,971.46959,0,0,21303.94537,11406.68076,380292,0.4526,65,
269,01,240,,4,2016,"АТ ""КІБ""",,47238.56671,83466.19839,125.35328,168222.74164,4674.51123,0,0,0,0,0,0,322540,7.0237,66,
270,01,241,,4,2016,"ПАТ ""АГРОКОМБАНК""",,150826.88341,250284.24142,204.83696,202159.95681,767.50949,2512.54611,369.66079,2881.39321,-41.18143,12619.71926,10845.1416,322302,0.4051,67,
271,01,243,,4,2016,"ПАТ ""КБ ""ЗЕМЕЛЬНИЙ КАПІТАЛ""",,8025.58462,98195.57525,2.24372,64894.15614,24.87476,20321.36713,1139.64609,198.34186,0,16423.96074,3563.49904,305880,-4.5963,68,
272,01,262,,4,2016,"АБ ""ЕКСПРЕС-БАНК""",,141005.19482,343504.16878,4893.94591,289352.16528,6253.90595,1338.2235,370.99714,1212.72562,707.65463,170943.71468,166713.08418,322959,0.2057,69,
273,01,276,,4,2016,"ПАТ ""КЛАСИКБАНК""",,57015.42988,0,0,371.09059,74.30871,437275.74329,131350.86262,0,0,3916.95329,3916.95329,306704,0.0008,70,
274,01,286,,4,2016,"ПАТ ""АБ ""РАДАБАНК""",,149251.10017,194743.0142,159.05929,143488.0277,283.12919,1956.42098,0,76.28186,61.02549,32883.12844,28302.13108,306500,1.4871,71,
275,01,288,,4,2016,"АБ ""КЛІРИНГОВИЙ ДІМ""",,743698.20136,1664597.35327,2045.82972,161914.14914,883.36834,1138074.68668,109355.52249,364304.48711,158071.73609,566051.16971,487329.95333,300647,-0.37,72,
276,01,290,,4,2016,"""ПЕРШИЙ ІНВЕСТИЦІЙНИЙ БАНК""",,355708.14176,320231.75507,518.99716,517698.91212,1006.42105,48453.65635,139.7188,39418.75847,779.01533,12322.93662,12125.00287,300506,0.01,73,
277,01,294,,4,2016,"ПАТ ""ПФБ"" м.Кременчук",,70838.40832,256458.71703,6440.6617,64184.81743,4964.27935,197.58943,27.45271,7.53898,3.09218,20710.00837,17495.26989,331768,5.9701,74,
278,01,303,,4,2016,"АТ ""АРТЕМ-БАНК""",,187947.49053,159233.15764,1.58514,223984.59584,187.08016,83864.55379,0,30372.0529,6068.26385,28494.76875,12620.99004,300885,0,75,
279,01,304,,4,2016,"АТ ""ФОРТУНА-БАНК""",,231055.44008,129206.53524,942.06382,2940539.43805,136048.35598,861.22232,51.4132,26180.19655,3636.93867,277472.29614,216751.5578,300904,-1.9999,76,
280,01,309,,4,2016,"ПАТ ""ФІНЕКСБАНК""",,87724.35138,81803.30305,304.33834,97419.09316,3145.995,0,0,0,0,382.92986,382.92986,380311,1.0415,77,
281,01,311,,4,2016,"ПАТ ""АКБ ""Траст-капітал""",,12934.47634,110529.1891,0.75744,152013.3983,49.21666,46258.98324,1825.28215,270.00887,170.16875,44238.36466,44071.46257,380106,-1.96,78,
282,01,318,,4,2016,"ПАТ КБ ""ЄВРОБАНК""",,26934.02349,288621.04608,-2108.13357,742377.26141,-6224.01875,20902.17211,-1157.54264,5477.83286,-670.56164,90585.70615,-27594.87232,380355,0.03,79,
283,01,320,,4,2016,БАНК ІНВЕСТ. ТА ЗАОЩАДЖЕНЬ,,1071198.46614,872851.41415,1470.72637,5262173.13506,84309.2586,16760.94232,251.82007,0,0,92742.72939,92742.72939,380281,0.233,80,
284,01,326,,4,2016,"ПАТ ""АКБ ""КОНКОРД""",,16257.04809,160533.04029,3550.71835,138925.8662,29325.31561,86821.42045,16386.91937,2830.93152,2830.93152,3283.24076,3283.24076,307350,0.9791,81,
285,01,328,,4,2016,"АТ ""БАНК БОГУСЛАВ""",,44598.37443,82555.21691,83.56639,323028.55765,5938.9578,7559.16593,0,0,0,30886.1484,30278.1284,380322,0.2631,82,
286,01,331,,4,2016,"ПАТ ""КРЕДИТВЕСТ БАНК""",,194362.53644,595828.31084,2403.36301,314029.30669,2801.94571,0,0,0,0,2270.8464,2270.8464,380441,4.8997,83,
287,01,334,,4,2016,"ПАТ ""КРЕДИТ ОПТИМА БАНК""",,38673.95043,37490.83024,0,81778.97312,11374.13455,39517.44182,1508.06081,0,0,12610.48973,9616.93121,380571,0.1429,84,
288,01,377,,4,2016,"АТ ""УКРБУДІНВЕСТБАНК""",,5559.53148,99242.5634,79.68393,63471.52427,2467.95457,0,0,0,0,46008.49714,19841.58536,380377,0.4922,85,
289,01,380,,4,2016,"ПАТ БАНК ""ТРАСТ""",,51.3185,181697.10371,4201.22941,182892.59011,14452.81034,22126.61628,1872.14456,11267.78581,3920.91171,27634.3521,25096.01083,380474,0,86,
290,01,381,,4,2016,"ПАТ ""МОТОР-БАНК""",,109242.87855,150174.56278,131.94616,36760.93505,663.79383,48.92345,3.32862,65540.12546,36439.67083,17651.87978,4148.00665,313009,1.0863,87,
291,01,386,,4,2016,"ПАТ ""КБ ""ГЛОБУС""",,82563.94028,391438.29177,-895.87218,607829.71609,-15669.82344,82582.92186,-3695.28998,36.97228,-36.60293,114058.41848,-112175.92185,380526,0.0214,88,
292,01,387,,4,2016,"ПАТ ""АП БАНК""",,54384.28688,67632.97924,3397.2905,0,0,0,0,0,0,15.44906,15.44906,380548,-81.2237,89,
293,01,389,,4,2016,"ПАТ ""МІБ""",,765828.7288,342950.97228,71.30719,1577985.42761,23401.97802,886205.606,124618.70346,69635.90368,61507.07029,48012.08434,47930.45006,380582,0.5697,90,
294,01,392,,4,2016,"ПуАТ ""КБ ""АКОРДБАНК""",,169818.97561,38574.79047,189.10718,57676.60748,377.82474,258078.44024,1377.37582,1639.74227,4.46936,39044.53786,2156.37144,380634,0.12,91,
295,01,394,,4,2016,"ПАТ ""БАНК 3/4""",,3908.07811,129968.81958,75.8125,354211.74089,7648.24053,14027.65479,0,0,0,1981.12195,1981.12195,380645,0.6115,92,
296,01,395,,4,2016,"ПАТ ""ЄВРОПРОМБАНК""",,272784.8471,386404.07395,0,3.67375,0.54528,1125708.42479,155232.52274,122.07059,99.72534,2466.63936,2466.63936,377090,0.1362,93,
297,01,402,,4,2016,"ПАТ ""ВЕРНУМ БАНК""",,60346.13585,170917.70784,611.07531,145863.23871,215.97671,0.37504,0.15001,0.0461,0.03688,53950.08059,50700.59682,380689,-10.097,94,
298,01,406,,4,2016,"ПАТ ""АПЕКС-БАНК""",,236123.27015,157704.84317,35.33985,274979.44155,16946.91966,78087.51658,39043.75827,27624.60053,13670.43932,65710.05755,47898.19187,380720,-10.9018,95,
299,01,430,,4,2016,"ПАТ КБ ""Центр""",,14836.59237,81806.97687,294.84698,48291.91479,807.14069,8805.17329,2.38297,0,0,19417.81467,14244.90086,380742,-0.6141,96,
300,01,433,,4,2016,"ПУАТ ""СМАРТБАНК""",,114760.73523,317421.26871,7186.11927,61350.25933,12151.85642,0,0,0,0,0,0,380786,0.5488,97,
301,01,460,,4,2016,"ПАТ ""БАНК СІЧ""",,238098.72323,184059.69548,17.53783,386418.10226,101.04488,59765.51268,0,0,0,6434.47447,5759.27813,380816,0.2798,98,
302,01,463,,4,2016,"ПАТ ""ДІВІ БАНК""",,420.74518,205309.22281,2693.65537,182074.6171,8693.31937,0,0,4.24201,3.39361,140899.91332,140899.91332,380827,-21.54,99,
303,01,510,,4,2016,"ПАТ ""КБ""ФІНАНСОВИЙ ПАРТНЕР""",,19563.31209,29456.39145,8.276,6987.11345,739.39845,2553.10461,511.89041,0,0,12707.37203,12707.37203,380872,2.2809,100,
304,01,512,,4,2016,"ПАТ ""АЛЬПАРІ БАНК""",,29322.86822,11694.99129,0,0,0,29322.86822,0,0,0,0,0,380894,1.0261,101,
305,01,533,,4,2016,"ПАТ ""БАНК МИХАЙЛІВСЬКИЙ""",,303821.62722,1822828.5425,34553.45364,1153121.66235,9451.70971,129436.29869,9280.16476,6622.96683,5551.4128,35859.54396,35859.54396,380935,2.0324,102,
306,01,553,,4,2016,"ПАТ ""БАНК АВАНГАРД""",,0,109582.95279,4646.03441,226844.02527,45403.74604,8788.44523,1675.99617,0,0,0,0,380946,5.54,103,
307,01,573,,4,2016,"ПАТ""ІНВЕСТИЦІЙНО-ТРАСТ.БАНК",,0,29065.67034,0,84276.88309,152.03401,0,0,0,0,0,0,380957,0.1464,104,
308,01,634,,4,2016,"ПАТ ""БАНК ""ПОРТАЛ""",,81942.06399,90243.85248,363.43156,51553.28161,4280.34094,1757.02442,766.41405,876.32915,738.26532,3585.42796,3585.42796,339016,7.9876,105,
309,01,654,,4,2016,"ПАТ ""КБ ""ГЕФЕСТ""",,24323.60322,42573.60162,1277.20805,87356.64391,11947.74294,0,0,0,0,0,0,377120,0.2154,106,
310,01,674,,4,2016,"ПАТ ""ВЕКТОР БАНК""",,245.04224,166494.26184,2524.42667,350.67051,61.33448,0,0,0,0,0,0,339038,0.8947000000000002,107,
311,01,694,,4,2016,"ПАТ ""КРИСТАЛБАНК""",,70870.36629,7216.15503,105.12202,135613.1149,1410.20855,4453.46585,264.06674,136.19445,47.83023,10529.01097,7387.15251,339050,8.59,108,
312,01,774,,4,2016,"ПАТ""ПЕРЕХІДН.БАНК""РВС БАНК""",,20635.31985,153.71146,0,92012.75272,922.55054,0,0,27760.35195,27482.74859,7993.14238,7993.14238,339072,82.98,109,
313,01,317,,4,2016,"ПАТ КБ""ФІНАНСОВА ІНІЦІАТИВА",,12916117.30522,254519.80159,1627.04853,8362364.41054,1213334.80279,8408400.91303,4078295.47445,1215185.34227,1191377.35813,272574.24208,228659.29069,380054,-30.5179,110,
314,01, 66,,4,2016,"АТ ""РОДОВІД БАНК""",,1736576.95817,94570.2,0,4102.48275,198.91031,408.78966,68.25181,1927.30348,1382.90544,6746066.46521,6684796.17402,321712,0,111,
315,01,202,,4,2016,"ПАТ ""КБ ""ХРЕЩАТИК""",,1186716.47253,650971.52977,738.59082,1620222.70831,855.60269,1209264.70549,112.26681,723187.69213,99756.68264,1215130.16867,456802.13464,300670,0,112,
316,01,513,,4,2016,"ПАТ ""БАНК ""ЮНІСОН""",,263978.52459,313674.02759,1803.35256,441067.31882,34781.73941,17430.40068,2354.60336,552.58238,391.07739,13353.36104,9815.06481,380902,0.1279,113,
317,07,  2,,4,2016,,"АТ ""Укрексімбанк""",64309228.60977,30392202.3949,56033.69729,30434440.45861,299522.84208,12577499.78302,2056650.18455,6674800.41003,1073479.63342,45170032.0458,41170281.17585,322313,-1.45,,1
318,07,  6,,4,2016,,"АТ ""ОЩАДБАНК""",42151521.29368,6976895.32631,45067.83091,40146727.58619,4803030.3176,18531390.8437,2958403.75666,18400755.52232,5302378.68794,43735193.73728,34534538.35568,300465,0.29,,2
319,07,274,,4,2016,,"АБ ""УКРГАЗБАНК""",7530665.60263,13887940.78074,26976.88814,5928475.19674,125201.66703,1282205.48359,6892.64307,534452.06245,393912.00758,6947026.56353,6801139.88875,320478,0.38,,3
320,07,313,,4,2016,,Укр.банк реконстр.та розв.,,,,,,,,,,,,380883,-1.957,,4
321,07,593,,4,2016,,"ПАТ ""РОЗРАХУНКОВИЙ ЦЕНТР""",,,,,,,,,,5002.73973,5002.73973,344443,0.5879,,5
322,07,  3,,4,2016,,"ПАТ ""Промінвестбанк""",29018105.81612,1887507.3192,7957.70755,25528509.00565,1785208.3549,1240734.91565,93500.39028,636508.26715,150969.1888,25798921.82553,20866059.34921,300012,-15.16,,6
323,07,  5,,4,2016,,"ПАТ ""УКРСОЦБАНК""",18459033.38384,14331702.8732,146392.58547,10010438.67697,172161.53191,10811481.36399,5298457.81672,473197.96991,82250.1767,29337395.73214,22060990.32278,300023,-2.22,,7
324,07, 36,,4,2016,,"АТ ""Райффайзен Банк Аваль""",17135738.33299,26450229.531,161059.8745,10594296.22151,374199.81018,3968716.38173,588856.32518,2776956.4879,929278.15539,25717869.83592,24819894.02416,300335,1.38,,8
325,07, 42,,4,2016,,"ПАТ ""ВТБ БАНК""",15527324.33819,2203204.90452,9712.864,3133786.9869,246330.38835,2377486.68046,47168.40978,13942453.37436,4983617.3582,18323497.04329,16037387.20114,321767,-41.0512,,9
326,07, 43,,4,2016,,"ПАТ ""НЕОС БАНК""",187.597,1140.1818,0,257.78087,36.9219,0,0,0,0,17227.80988,13593.77067,320940,-3.1987,,10
327,07, 88,,4,2016,,"ПАТ ""КРЕДОБАНК""",2277561.3165,4027966.64341,37383.55665,1880637.74811,191392.44316,51534.72191,4195.26457,37869.77722,8732.59508,615213.88111,480693.96753,325365,3.0992,,11
328,07, 97,,4,2016,,"ПАТ ""ВіЕс Банк""",455231.25859,618827.13643,14542.05687,890225.0908,41169.20012,104414.73108,10827.53655,134173.82861,81971.49648,1291289.95978,1192734.12368,325213,2.6,,12
329,07,105,,4,2016,,"ПАТ ""МАРФІН БАНК""",330341.1682,490984.80416,0,519748.37012,12402.56876,496003.87574,114877.33967,1079.20647,353.69772,603811.41113,342190.27008,328168,0.78,,13
330,07,136,,4,2016,,"АТ ""УкрСиббанк""",5378026.73918,22992930.20548,37372.08728,11041549.87127,307388.24219,153308.91906,9531.17783,1044557.6442,303239.93391,7252240.35504,4681530.58502,351005,-4.54,,14
331,07,142,,4,2016,,"ПАТ ""Ідея Банк""",94391.83445,1626792.15608,70174.23863,720747.98385,34661.97469,93378.70055,27874.91515,59341.67289,35476.71208,193734.01561,136671.42048,336310,0.82,,15
332,07,153,,4,2016,,"ПАТКБ ""ПРАВЕКС-БАНК""",510200.36753,1551889.46325,3482.06129,921375.55333,34057.59902,22617.4891,3529.74151,14191.45065,4780.66803,2481073.6261,2331629.21403,380838,-2.17,,16
333,07,171,,4,2016,,"ПАТ ""КРЕДІ АГРІКОЛЬ БАНК""",9055460.65445,27486369.4469,59660.00475,4428548.64955,122808.41157,185218.71823,4497.37184,326417.26306,130539.2013,4589871.01874,4052194.77068,300614,2.36,,17
334,07,242,,4,2016,,"ПАТ ""УНІВЕРСАЛ БАНК""",638314.94638,645637.76694,3034.41865,1850454.57587,26604.48714,642325.47399,86319.14326,333608.2646,166259.62206,2202227.70746,1555377.90491,322001,1.0381,,18
335,07,251,,4,2016,,"АТ ""ПІРЕУС БАНК МКБ""",1193950.62558,323417.8832,383.20394,525514.42142,849.06943,199945.15314,212.26195,566.19283,48.73793,1749047.49103,1697175.39975,300658,0.3095,,19
336,07,272,,4,2016,,"ПАТ ""АЛЬФА-БАНК""",11609706.42359,20739784.61465,174322.73011,8315709.49321,611740.89727,11853498.66432,2258717.6886,5793895.70345,994112.17124,9486461.33327,4010271.87258,300346,6.1142,,20
337,07,295,,4,2016,,"ПАТ ""ІНГ Банк Україна""",7452859.48767,4646558.19935,3422.49905,4651591.08488,21584.57437,832775.58144,5330.92796,1082.66607,913.98234,7725954.24756,1616013.88231,300539,5.4032,,21
338,07,296,,4,2016,,"АТ ""ОТП БАНК""",6251464.21492,10763067.81248,133546.71569,13422341.8977,2658159.95791,433590.06786,113207.82488,1513848.57186,911739.52814,8396965.74527,7197618.78186,300528,4.2523,,22
339,07,297,,4,2016,,"ПАТ ""СІТІБАНК""",1669167.61672,21707215.71912,6075.27879,,,4907773.38759,95397.33904,31228.97975,9056.40413,,,300584,8.92,,23
340,07,298,,4,2016,,"АТ ""ПРОКРЕДИТ БАНК""",4844989.97397,4772677.65118,16874.75265,2863976.49175,83638.37325,481731.95108,28115.79423,69391.88926,19035.19267,336750.20285,218437.88814,320984,2.8557,,24
341,07,299,,4,2016,,"ПАТ ""СБЕРБАНК""",29472875.15716,5327884.00312,41726.08507,28297502.87858,1559787.64453,2990869.32707,870184.3793,6294318.7921,2509261.78618,19757661.67045,13833188.88653,320627,0,,25
342,07,321,,4,2016,,"АТ ""БМ БАНК""",458371.50316,214437.90999,309.96708,399430.30998,11675.85385,1652116.27777,209432.55843,127799.60604,32141.66395,447561.19518,354279.56478,380913,-24.3156,,26
343,07,325,,4,2016,,"ПАТ ""БАНК ФОРВАРД""",0,2108789.14546,22922.04844,116916.60217,12444.90888,32616.01259,13203.42618,19791.35195,15881.08972,203501.48605,203501.48605,380418,-2.1271,,27
344,07,329,,4,2016,,"ПАТ ""КРЕДИТ ЄВРОПА БАНК""",633820.29815,2575053.61,50.76483,551855.84064,30795.86344,904382.7138,52947.11854,819.65017,797.4853,247340.76159,247340.76158,380366,-0.3179,,28
345,07,407,,4,2016,,"ПАТ ""Дойче Банк ДБУ""",138709.81813,2772878.78256,1365.19424,134425.50153,10205.40767,,,,,,,380731,5.8797,,29
346,07,455,,4,2016,,"ПАТ""СЕБ КОРПОРАТИВНИЙ БАНК""",262044.40147,2609092.69586,,770288.54561,20.2966,,,,,,,380797,5.4281,,30
347,07, 46,,4,2016,,"ПАТ КБ ""ПРИВАТБАНК""",4452391.01384,103101031.64696,382172.03129,16619664.09572,621091.0923,131402310.99279,5492497.61495,6326090.30089,1625004.12217,25071718.4019,20178907.27949,305299,0.39,,31
348,07,106,,4,2016,,"Акціонерний банк""Південний""",4567702.07646,7285022.31737,2451.11837,11089986.46499,77191.09109,526729.8096,97692.05311,512283.75432,400278.87855,948638.62043,758774.09833,328209,0.3162,,32
349,07,115,,4,2016,,"ПАT ""ПУМБ""",14219989.22084,8026721.9702,144027.06549,20195488.44234,592484.44512,2886954.61655,162845.16344,980235.3039,286654.43292,10121821.01415,9653777.30849,334851,-0.2323,,33
350,07,126,,4,2016,,"ПАТ ""МЕГАБАНК"", Харків",4208481.74362,1719829.41814,8285.48251,6171570.70307,27272.56114,835481.25011,34260.29557,422403.14115,93232.11482,380068.28326,349064.43176,351629,0.27,,34
351,07,232,,4,2016,,"ПАТ ""ДІАМАНТБАНК""",1076396.99495,959722.92281,948.50962,2746585.76246,70669.08352,639496.37698,200647.66408,284509.76711,66160.84663,488966.20096,252534.88104,320854,-13.5096,,35
352,07,270,,4,2016,,"ПАТ ""БАНК КРЕДИТ ДНІПРО""",2748273.03056,2567496.32539,3799.70705,1076186.54771,62951.53271,964843.49469,56032.81097,2345.26679,2253.36321,3626599.00947,1708423.11401,305749,-7.43,,36
353,07,305,,4,2016,,"ПАТ ""БАНК ВОСТОК""",1339684.60158,2484457.42909,397.59222,2921578.81062,6912.34287,68839.87111,25726.35752,159495.30398,45863.26875,246049.44583,67414.17848,307123,1.28,,37
354,07,316,,4,2016,,"ПАТ ""ПтБ""",420511.7501,2489733.2191,-129064.4439,3909408.69993,-199708.48045,121374.50886,-41529.01467,130607.82006,-86067.73058,649280.7769,-483930.65937,380388,-3.6637,,38
355,07, 29,,4,2016,,"ПАТ ""БАНК АЛЬЯНС""",32672.53166,70717.10309,0.59665,1945.92928,179.81169,29751.65517,14746.92839,7.99814,7.91816,2839.06221,2839.06221,300119,8.4442,,39
356,07, 48,,4,2016,,"АКБ ""НОВИЙ""",125247.54202,187345.83343,1142.49416,249426.59015,1483.38975,185963.04894,21850.86116,72.47322,0,13562.29204,13452.52885,305062,-0.0073,,40
357,07, 49,,4,2016,,Полікомбанк,157163.62296,110625.59185,14.32825,149824.27288,161.61968,89608.60788,2003.2733,0,0,40119.16341,20396.27569,353100,0.0467,,41
358,07, 62,,4,2016,,"АТ ""ТАСКОМБАНК""",2031536.04065,3692752.70497,7230.192,3274313.23357,62546.1875,87997.66306,635.84553,204930.57926,114221.4925,185887.69657,156119.68503,339500,0.03,,42
359,07, 72,,4,2016,,"ПАТ ""БАНК ФАМІЛЬНИЙ""",,70.91616,6.88395,27350.39723,24.94338,2539.81911,,,,72523.24337,72149.83798,334840,0,,43
360,07, 91,,4,2016,,"ПАТ АКБ ""Львів""",740430.04583,511436.40265,440.63321,365724.19291,1583.92589,76719.47006,3370.12259,117950.91709,12586.55028,99014.23251,66589.32084,325268,1.4281,,44
361,07, 95,,4,2016,,"ПАТ ""ОКСІ БАНК""",177066.27913,198178.50037,127.87547,211819.36422,2868.26159,60477.67595,1136.50389,17116.66366,664.19845,25925.34607,11993.77917,325990,0.1031,,45
362,07, 96,,4,2016,,"ПАТ ""А - БАНК""",238631.29454,4254350.08185,24329.32346,582834.11397,57542.55289,264093.87817,44164.10216,47381.0804,36087.09743,355686.96374,353848.54484,307770,6.47,,46
363,07,101,,4,2016,,"АКБ ""ІНДУСТРІАЛБАНК""",321286.76454,242371.81591,71.3984,1758655.03103,96825.78119,153690.89025,37979.83081,75900.13058,37908.15808,67282.64748,59683.95714,313849,-3.6384,,47
364,07,109,,4,2016,,"ПАТ ""КБ ""Інвестбанк""",48210.64359,80566.30823,189.72567,274934.83717,2528.01908,7821.79092,103.57639,46.87162,23.90451,9681.38173,9681.38173,328210,0.461,,48
365,07,113,,4,2016,,"ПАТ ""Полтава-банк""",399575.28299,279642.01361,640.33285,222219.22494,3928.87777,142356.72461,27205.65484,18206.11595,2508.13729,53441.76166,52170.22246,331489,2.7522,,49
366,07,122,,4,2016,,"ПАТ ""ФІНБАНК""",119321.84833,6.95923,0,401972.69694,28135.44863,396568.44987,83279.37508,,,75358.15607,75358.15607,328685,0.0138,,50
367,07,123,,4,2016,,"ПАТ ""БАНК ""ГРАНТ""",415824.58376,425309.66796,148.53287,383585.7568,3920.17798,120771.43768,1534.74435,34144.79149,11065.72485,34828.50817,32087.12405,351607,0.59,,51
368,07,128,,4,2016,,"АТ ""РЕГІОН-БАНК""",151675.89294,96093.86198,1581.30848,85428.77987,1179.65383,107511.02629,24552.76528,13641.78509,4568.85621,8789.80584,6514.89992,351254,0.53,,52
369,07,129,,4,2016,,"ПАТ ""БТА Банк""",123420.18456,106329.47723,2385.59811,83553.49915,3366.24754,229867.18883,27389.71687,3187.06519,2322.78058,470387.55719,248748.04277,321723,2.93,,53
370,07,133,,4,2016,,"ПАТ ""АСВІО БАНК""",330812.02801,1419641.45026,1358.28561,355913.90865,26094.10208,88891.38344,3128.63254,33713.27234,25584.13122,5014.20956,5014.20956,353489,0.15,,54
371,07,143,,4,2016,,"ПАТ ""КОМІНВЕСТБАНК""",243998.9654,309731.47926,403.57782,359843.26919,2822.76733,181774.83481,9977.15792,5634.66428,4221.20061,77600.20079,68691.83102,312248,0.08,,55
372,07,146,,4,2016,,"ПАТ""БАНК ""УКРАЇН.КАПІТАЛ""",214317.27664,141742.84645,77.39219,367945.83928,2634.27301,11417.78314,1426.43091,14941.35389,129.84762,55505.74457,29209.29305,320371,0.6397,,56
373,07,169,,4,2016,,"АТ ""НК БАНК""",35886.42413,27352.83915,88.13472,33441.51468,977.46987,186903.40636,25311.91529,,,39928.54921,32431.85985,322432,2.5151,,57
374,07,191,,4,2016,,"ПАТ АКБ ""АРКАДА""",371081.44728,162158.06311,1675.89241,48434.50328,6851.51585,1374796.08272,199771.03622,7862.70965,7108.33256,14480.30722,10459.44809,322335,0.3529,,58
375,07,205,,4,2016,,"АТ ""МетаБанк""",126299.62445,50624.28344,503.58548,179869.84035,1341.55267,11922.96909,930.60522,4639.06676,6.29996,26579.94678,18247.72509,313582,2.92,,59
376,07,206,,4,2016,,"АТ ""Місто Банк""",231664.70136,357255.75949,59.14772,472837.87206,12532.76891,887736.14413,46809.36452,210459.56112,11292.04056,34562.98108,34357.78552,328760,-0.5003,,60
377,07,231,,4,2016,,"ПАТ ""ЮНЕКС БАНК"" м. Київ",458228.23029,58220.3831,698.3579,204546.48019,1722.45783,213604.6384,20529.15007,486028.10975,133130.32429,98462.61453,57642.18162,322539,-8.41,,61
378,07,237,,4,2016,,"ПАТ ""КСГ БАНК""",639326.28515,5106.16408,306.36986,319004.72311,5530.95785,96405.03925,11988.83725,,0,14247.94786,14247.94787,380292,0.1675,,62
379,07,240,,4,2016,,"АТ ""КІБ""",105479.43919,147619.98062,1081.18601,150785.51338,4159.81036,,,353.17151,240.92742,,,322540,0.8622,,63
380,07,241,,4,2016,,"ПАТ ""АГРОКОМБАНК""",158425.66551,465397.31621,518.77496,200773.57409,72.60909,710.21709,15.8865,2236.61578,447.67039,16774.2726,11386.95865,322302,0.0355,,64
381,07,243,,4,2016,,"ПАТ ""КБ ""ЗЕМЕЛЬНИЙ КАПІТАЛ""",6889.03029,84454.53751,2.47373,96808.5828,20.98121,15836.04466,1125.96976,5734.35004,,15596.84,3122.67708,305880,0.9798,,65
382,07,262,,4,2016,,"АБ ""ЕКСПРЕС-БАНК""",149105.9368,99582.52502,2582.31943,302340.52233,16580.29461,210191.25587,14047.17179,35632.31709,4048.36488,169591.93394,165989.31537,322959,-2.8188,,66
383,07,286,,4,2016,,"ПАТ ""АБ ""РАДАБАНК""",176390.10311,238775.09782,1971.98954,258602.97973,9404.11989,8674.77512,3446.62187,1661.94451,1328.84279,22730.70677,22730.70677,306500,2.3428,,67
384,07,288,,4,2016,,"АБ ""КЛІРИНГОВИЙ ДІМ""",503562.4069,1572964.70093,3270.98971,225564.38281,1152.48163,747254.47436,91554.5319,291319.33585,214339.21961,314486.94918,171251.46285,300647,-2.32,,68
385,07,290,,4,2016,,"""ПЕРШИЙ ІНВЕСТИЦІЙНИЙ БАНК""",296333.40125,234538.92381,1517.13201,434521.83161,3716.4727,49021.47108,0,42248.32238,4696.53298,8202.93667,7650.96721,300506,0.03,,69
386,07,294,,4,2016,,"ПАТ ""ПФБ"" м.Кременчук",79577.80143,227877.97988,2446.98016,81826.29509,8751.77751,362.25846,73.82549,1008.33585,453.45041,17291.42279,15994.8112,331768,6.3532,,70
387,07,303,,4,2016,,"АТ ""АРТЕМ-БАНК""",210622.2832,128814.05805,19.38159,339556.37626,2251.09339,58910.90976,468.1164,15590.72625,4526.43024,40959.55515,19816.54603,300885,5.14,,71
388,07,304,,4,2016,,"АТ ""ФОРТУНА-БАНК""",237940.48114,79551.3395,693.71173,2842388.14075,162571.69177,105615.60269,,36652.65208,30511.8432,311879.56443,253551.77907,300904,-3.1761,,72
389,07,309,,4,2016,,"ПАТ ""ФІНЕКСБАНК""",111194.61003,58320.81712,117.91293,128277.59529,3340.87364,,,,,5029.52768,5029.52768,380311,0.3881,,73
390,07,311,,4,2016,,"ПАТ ""АКБ ""Траст-капітал""",12938.3678,100454.68196,28.41972,151413.27581,1521.49227,36321.80969,3803.02129,4039.5011,848.51312,45749.50644,45567.18743,380106,-1.6723,,74
391,07,320,,4,2016,,БАНК ІНВЕСТ. ТА ЗАОЩАДЖЕНЬ,910793.87883,909917.94678,273.39237,4560312.96623,79776.05575,18006.89014,4728.42082,0,0,94149.47241,94149.47241,380281,0.08260000000000002,,75
392,07,326,,4,2016,,"ПАТ ""АКБ ""КОНКОРД""",30319.89167,198148.06433,14675.80446,77433.12973,10901.83177,80061.0832,7722.3661,8463.55013,1776.80723,10046.10958,10046.07108,307350,2.5577,,76
393,07,328,,4,2016,,"АТ ""БАНК БОГУСЛАВ""",52622.71716,118739.78953,36.88542,325406.40549,19676.03759,6267.42528,0,,,14712.13356,14104.11356,380322,-2.3707,,77
394,07,331,,4,2016,,"ПАТ ""КРЕДИТВЕСТ БАНК""",236620.93801,349704.85808,553.81784,515130.69011,8734.02028,,0,,,2152.27028,2152.27028,380441,3.4,,78
395,07,334,,4,2016,,"ПАТ ""КРЕДИТ ОПТИМА БАНК""",37679.03807,12470.83024,0,76469.68962,11267.14436,40975.09191,0,,,12024.27049,8726.65732,380571,0.1024,,79
396,07,377,,4,2016,,"АТ ""УКРБУДІНВЕСТБАНК""",55755.2769,48927.45545,59.10482,141446.228,4029.95205,29367.23217,655.73023,,,43620.68908,15420.07654,380377,0.0909,,80
397,07,380,,4,2016,,"ПАТ БАНК ""ТРАСТ""",0,277945.55127,8679.62507,243063.27763,24350.40946,23128.87303,1525.81888,8409.58993,2750.0009,19817.78976,7629.36362,380474,0.0533,,81
398,07,381,,4,2016,,"ПАТ ""МОТОР-БАНК""",103574.96662,177353.57787,117.53955,39217.74651,38.24006,29.62352,11.84941,66643.17771,36465.66748,2580.11595,1234.10521,313009,5.5958,,82
399,07,386,,4,2016,,"ПАТ ""КБ ""ГЛОБУС""",119234.13165,368735.34352,834.02874,763332.39189,20437.61136,119490.73689,13160.72895,38648.7754,6464.00684,114487.72336,112509.6459,380526,0.2256,,83
400,07,387,,4,2016,,"ПАТ ""АП БАНК""",72139.30112,33303.96085,1371.4506,48232.40541,8267.79436,,,,,,0,380548,-4.4144,,84
401,07,389,,4,2016,,"ПАТ ""МІБ""",727944.34079,385489.50992,63.84234,1791395.29159,26235.11423,400230.73399,48963.11427,215446.97226,71946.21123,164484.46617,164484.46617,380582,0.4334,,85
402,07,392,,4,2016,,"ПуАТ ""КБ ""АКОРДБАНК""",103941.23851,37725.88706,102.91984,26487.27681,329.09328,273866.89166,6357.27663,869.94527,0.04095,34723.58962,2547.33289,380634,0.734,,86
403,07,394,,4,2016,,"ПАТ ""БАНК 3/4""",25473.65016,156859.25201,43.63601,350289.99734,7668.54774,12997.66666,4549.18333,0,0,73.14298,73.14298,380645,7.7342,,87
404,07,395,,4,2016,,"ПАТ ""ЄВРОПРОМБАНК""",249561.31503,444198.5428,0,,0,1081161.63283,176129.58572,,,2580.97314,2580.97314,377090,0.1631,,88
405,07,402,,4,2016,,"ПАТ ""ВЕРНУМ БАНК""",39628.63754,137202.57791,163.38107,185183.18034,629.44889,0.12755,0.05102,93.75749,0.0073,2104.67249,2104.67249,380689,10.4131,,89
406,07,406,,4,2016,,"ПАТ ""АПЕКС-БАНК""",182127.27899,68047.75931,16.95086,225605.7186,22008.12934,78087.48093,39043.74045,9576.76681,730.08261,83895.3875,59670.52338,380720,-54.0612,,90
407,07,430,,4,2016,,"ПАТ КБ ""Центр""",18242.34612,35291.04754,154.73724,86304.17125,603.08053,23125.12839,538.88833,,,13429.09607,13429.09607,380742,2.952,,91
408,07,460,,4,2016,,"ПАТ ""БАНК СІЧ""",309873.68578,174989.49846,58.58341,369270.47333,908.32078,138743.27565,115.1539,59875.79131,0,5759.27813,5759.27813,380816,0.09360000000000002,,92
409,07,463,,4,2016,,"ПАТ ""ДІВІ БАНК""",122473.61518,156745.51183,3490.99336,85578.44195,2091.50514,0,0,0,0,336.25843,336.25843,380827,10.6557,,93
410,07,510,,4,2016,,"ПАТ ""КБ""ФІНАНСОВИЙ ПАРТНЕР""",22159.49479,79159.2199,1133.96064,25071.58306,3254.338,,,,,12643.56949,12643.56949,380872,0.3008,,94
411,07,512,,4,2016,,"ПАТ ""АЛЬПАРІ БАНК""",655.12561,33833.13958,,1042.96126,,655.12561,112.05024,,,,,380894,2.5825,,95
412,07,553,,4,2016,,"ПАТ ""БАНК АВАНГАРД""",0,41360.5891,2447.13534,506046.73782,95196.82364,10478.98237,1474.15142,,,,,380946,6.22,,96
413,07,634,,4,2016,,"ПАТ ""БАНК ""ПОРТАЛ""",83627.179,98293.60261,410.81235,48897.601,2579.68787,,,,,6290.42139,5014.78078,339016,-9.5274,,97
414,07,654,,4,2016,,"ПАТ ""КБ ""ГЕФЕСТ""",,70200,1404,61953.90402,4305,,,,,,,377120,17.6512,,98
415,07,674,,4,2016,,"ПАТ ""ВЕКТОР БАНК""",28322.77482,178864.52204,5999.15802,7415.76603,85.86979,,,,,,,339038,0.6206,,99
416,07,694,,4,2016,,"ПАТ ""КРИСТАЛБАНК""",55820.7564,97860.80047,1757.06509,9917.78539,186.02243,6218.02635,1004.81833,24828.4507,2785.67296,16963.11016,13470.36053,339050,6.5959,,100
417,07,774,,4,2016,,"ПАТ""ПЕРЕХІДН.БАНК""РВС БАНК""",19389.6257,89550,0,12.75272,2.55054,0,0,0,0,33733.48763,33733.48763,339072,-48.52,,101
418,07, 66,,4,2016,,"АТ ""РОДОВІД БАНК""",1750703.74484,94570.2,,1163.26215,81.42835,1859.12901,1156.94232,2585.21934,1748.56572,6890431.54921,6881777.6242,321712,0,,102
419,07,276,,4,2016,,"ПАТ ""КЛАСИКБАНК""",56228.65369,,,40.6501,8.20238,354034.7377,103894.26878,,,4208.83943,4208.83943,306704,0.2832,,103
420,07,317,,4,2016,,"ПАТ КБ""ФІНАНСОВА ІНІЦІАТИВА",13802740.71746,242325.29006,1730.02363,8953223.24633,1356927.15477,9005750.41919,4463895.92732,1309061.72534,1035542.64854,270898.10625,270618.10624,380054,6.3859,,104
421,07,318,,4,2016,,"ПАТ КБ ""ЄВРОБАНК""",8076.99804,334981.77088,1340.38326,82247.75506,1883.53604,43658.14119,8471.11092,59366.86007,9139.50552,71119.52293,31264.53599,380355,0,,105
422,07,513,,4,2016,,"ПАТ ""БАНК ""ЮНІСОН""",276393.25239,66153.55957,420.83573,120056.72405,5007.71541,127431.77544,16611.20029,209045.72319,100719.08765,37399.5934,23147.99369,380902,-30.3729,,106
423,07,594,,4,2016,,"ПАТ ""Держзембанк""",,,,,,,,,,,,380968,1.5265,,107
424,07,433,,4,2016,,"ПУАТ ""СМАРТБАНК""лік . 21.07.2016",47530.39121,19557.26133,,53.37187,9.09205,324229.44531,161148.38171,32095.76398,28886.18758,,,380786,-115.6136,,108
425,07,22,,4,2016,,"ПУАТ ""ФІДОБАНК"" лік. 18.07.2016",,"інформація відсутня, на дату надання показників банк ліквідовано",,,,,,,,,,300175,,,109
426,07,533,,4,2016,,"ПАТ ""МИХАЙЛІВСЬКИЙ"" лік 12.07.2016",,"інформація відсутня, на дату надання показників банк ліквідовано",,,,,,,,,,380935,,,110
427,04,  2,,4,2016,"АТ ""Укрексімбанк""",,61597317.58475,37055597.57324,34780.99454,35776027.19263,279813.82138,10360447.48874,1663567.98525,8191114.23883,1594282.90857,45351373.90809,41084782.00887,322313,-2.97,,1
428,04,  6,,4,2016,"АТ ""ОЩАДБАНК""",,42667164.11641,8429359.55766,192920.94449,41431833.73612,5519748.45867,19589634.89667,2762004.18499,20495437.7327,5002382.74548,42340367.63608,34434524.25889,300465,0.26,,2
429,04,274,,4,2016,"АБ ""УКРГАЗБАНК""",,7904923.37359,13229327.06552,6281.0551,6290448.14407,130935.39572,961790.59048,4706.74976,538678.14251,397049.48488,7360090.20114,7216851.15776,320478,0.25,,3
430,04,313,,4,2016,Укр.банк реконстр.та розв.,,,124.57807,0.502,,,,,,,,,380883,-3.76,,4
431,04,593,,4,2016,"ПАТ ""РОЗРАХУНКОВИЙ ЦЕНТР""",,,,,,,,,,,5002.73973,5002.73973,344443,2.0144,,5
432,04,594,,4,2016,"ПАТ ""Держзембанк""",,0,0,0,0,0,0,0,0,0,0,0,380968,4.1138,,6
433,04,  3,,4,2016,"ПАТ ""Промінвестбанк""",,33197735.79089,3537625.07721,7710.2211,28675357.16376,1691052.90154,495358.93833,32329.84623,2314499.21842,1210471.43741,27067022.70335,22014317.77066,300012,-22,,7
434,04,  5,,4,2016,"ПАТ ""УКРСОЦБАНК""",,19684188.16525,18081425.15562,181241.43312,8173575.40748,45425.01852,8985175.32422,4112180.12894,1531690.58894,306461.63399,29983534.8173,23166515.31894,300023,-6.3057,,8
435,04, 36,,4,2016,"АТ ""Райффайзен Банк Аваль""",,17721740.72473,27056011.1948,157155.61214,11541291.39543,332873.76872,1433916.20097,162095.06819,2920622.61095,614930.61809,28718839.00209,27647217.67822,300335,0.32,,9
436,04, 42,,4,2016,"ПАТ ""ВТБ БАНК""",,16245068.66729,2295964.05992,9175.58799,3564574.5526,335449.40295,2506825.77105,14390.02188,15087439.62272,3944003.31393,19428398.81316,17100825.32674,321767,-71.3683,,10
437,04, 43,,4,2016,"ПАТ ""НЕОС БАНК""",,182.89353,1337.65917,0,50236.65068,36.47479,0,0,0,0,17725.90444,13816.17538,320940,-8.2755,,11
438,04, 88,,4,2016,"ПАТ ""КРЕДОБАНК""",,2132003.02057,3580735.90477,32643.9366,1846115.22076,176802.80646,64416.08801,4409.94396,40550.9158,8419.50883,646226.88913,469250.54058,325365,2.931,,12
439,04, 97,,4,2016,"ПАТ ""ВіЕс Банк""",,406483.6492,553703.7249,8027.15714,1168728.88389,67931.35179,12701.04712,1480.84495,39065.42618,23767.02979,1449224.04353,1165336.53224,325213,0.8100000000000002,,13
440,04,105,,4,2016,"ПАТ ""МАРФІН БАНК""",,340981.32924,577021.45095,1157.54972,596398.13409,2227.00308,431376.75377,69921.20923,496.20916,441.8667,638777.5745,431050.47204,328168,0.66,,14
441,04,136,,4,2016,"АТ ""УкрСиббанк""",,6599717.56387,24666974.72634,44658.24249,10845793.39082,251113.11092,416578.17051,12189.21496,1036296.51072,99469.75275,7549316.32871,5082200.93362,351005,-8.24,,15
442,04,142,,4,2016,"ПАТ ""Ідея Банк""",,135224.60171,1700520.34816,46205.24611,606312.82127,19803.48452,86925.77585,22463.83449,50428.84539,25925.29901,221165.25001,159426.69538,336310,0.57,,16
443,04,153,,4,2016,"ПАТКБ ""ПРАВЕКС-БАНК""",,431541.73588,2082335.74605,7223.11271,757884.77455,43996.61791,18470.14647,3577.32678,18545.77796,2365.13363,2714168.58064,1920191.00888,380838,-6.55,,17
444,04,171,,4,2016,"ПАТ ""КРЕДІ АГРІКОЛЬ БАНК""",,8641064.73854,27030122.18019,51799.65322,3967791.92265,156884.0107,513796.97,122551.84021,743778.78589,286851.11005,4181671.9202,3733591.09925,300614,1.89,,18
445,04,242,,4,2016,"ПАТ ""УНІВЕРСАЛ БАНК""",,657799.93554,271269.62258,3536.9604,1993813.88794,32810.86143,719077.73292,50658.26547,300434.80579,144437.13117,2544351.05558,1848672.13561,322001,2.2576,,19
446,04,251,,4,2016,"АТ ""ПІРЕУС БАНК МКБ""",,1369206.05406,446607.07872,372.42125,674657.77858,847.55811,212810.26859,56.92595,566.57278,168.15904,1839657.32551,1787248.97096,300658,0.2269,,20
447,04,272,,4,2016,"ПАТ ""АЛЬФА-БАНК""",,12215270.71079,19986275.2254,195654.15781,9368946.71316,115355.74556,13629923.81216,1434396.61788,4009525.95097,867908.56047,10718344.37666,8536536.51649,300346,-5.0545,,21
448,04,295,,4,2016,"ПАТ ""ІНГ Банк Україна""",,8021687.84016,7797544.5203,11139.23707,4993488.50478,5762.90844,865249.11837,200.59877,2637953.7165,5254.86193,5295569.53917,1334040.00966,300539,5.5658,,22
449,04,296,,4,2016,"АТ ""ОТП БАНК""",,6484681.62139,9501727.04092,107968.58561,16137797.6468,955352.26762,570006.21932,148008.4606,257038.79367,132958.02826,10574343.76971,9742244.96491,300528,5.9278,,23
450,04,297,,4,2016,"ПАТ ""СІТІБАНК""",,1562901.86891,21810767.43703,3381.39049,,,5038865.1505,88864.11649,19008.00441,5892.48138,,,300584,9.69,,24
451,04,298,,4,2016,"АТ ""ПРОКРЕДИТ БАНК""",,3563712.41849,4015643.94201,10896.07002,2843223.0978,77708.99181,243514.78098,20712.3748,77204.88489,23372.47043,345618.60932,224892.7293,320984,2.1779,,25
452,04,299,,4,2016,"ПАТ ""СБЕРБАНК""",,32548671.20021,7543232.6435,647249.76631,34678754.19208,336313.84414,3633436.3035,357913.62677,2054928.55265,470647.02581,22020429.39079,15070252.5095,320627,0.4064,,26
453,04,321,,4,2016,"АТ ""БМ БАНК""",,494246.83906,272847.16635,330.76721,449083.43512,11779.5384,1704521.73341,25395.55436,230290.66159,16868.17552,448683.28091,371035.66247,380913,-5.5938,,27
454,04,325,,4,2016,"ПАТ ""БАНК ФОРВАРД""",,0,2367263.09572,23926.15616,78621.96875,7382.89907,30100.76831,12273.05845,21624.31815,17319.04695,412498.54861,412498.54861,380418,-1.3042,,28
455,04,329,,4,2016,"ПАТ ""КРЕДИТ ЄВРОПА БАНК""",,566709.64001,2824876.49363,53.59166,432594.46849,18662.04904,989656.77095,140273.30593,1075.96735,1047.87617,262128.4045,262128.40453,380366,0.27,,29
456,04,407,,4,2016,"ПАТ ""Дойче Банк ДБУ""",,82566.16033,2914955.30344,398.69659,188542.24491,13653.99977,,,,,,,380731,5.6257,,30
457,04,455,,4,2016,"ПАТ""СЕБ КОРПОРАТИВНИЙ БАНК""",,301633.34817,2673212.7326,0.51544,936452.11598,30.49132,,,,,,,380797,5.7377,,31
458,04, 22,,4,2016,"ПУАТ ""ФІДОБАНК""",,229626.95605,1025396.49975,15032.46228,2870428.48431,2449901.99688,235590.7124,24949.14782,228168.11118,71356.25725,879613.29802,655347.02695,300175,-16.8437,,32
459,04, 46,,4,2016,"ПАТ КБ ""ПРИВАТБАНК""",,10953457.21796,108878186.74827,452136.37754,21559950.38892,922550.07643,145062344.4762,7532452.52188,6155556.36419,1378598.30222,25991497.15706,18874816.98617,305299,0.31,,33
460,04,106,,4,2016,"Акціонерний банк""Південний""",,4325917.79167,6804100.54828,2669.30149,11594256.49576,149214.50382,775671.72121,165662.33905,345305.6237,177244.04749,1107658.16433,807382.79213,328209,0.3416,,34
461,04,115,,4,2016,"ПАT ""ПУМБ""",,15093424.94795,9654111.19925,144491.55587,20753638.06356,598352.0384,2303727.4663,219716.69828,504998.47696,130425.97289,10845215.65848,10197225.01611,334851,-2.7053,,35
462,04,126,,4,2016,"ПАТ ""МЕГАБАНК"", Харків",,4111939.07717,1976835.72118,7681.98353,6476945.67397,28395.94031,533592.85049,13977.81375,410721.94746,108170.75348,394647.58314,368045.93002,351629,0.2800000000000001,,36
463,04,232,,4,2016,"ПАТ ""ДІАМАНТБАНК""",,1027926.74793,1028732.49239,611.55898,2795162.82922,82233.65415,783091.15938,210330.33586,164631.87009,46974.66209,538961.88932,297133.28422,320854,-15.27,,37
464,04,270,,4,2016,"ПАТ ""БАНК КРЕДИТ ДНІПРО""",,2967634.88768,2351109.39581,-2801.86284,1379919.2005,-62105.9189,1054333.53656,-30985.65493,109726.1975,-11232.82845,3751176.3847,-1821267.3215,305749,-10.36,,38
465,04,305,,4,2016,"ПАТ ""БАНК ВОСТОК""",,1369927.45192,2331536.85429,3629.74723,2867155.89044,33775.71075,71380.76117,12304.34642,65911.32548,37302.7777,260997.2411,71387.43871,307123,2.25,,39
466,04,316,,4,2016,"ПАТ ""ПтБ""",,418152.5902,2433996.21499,-127853.99698,3888660.2607,-169388.33819,117092.86041,-38812.33723,146797.2734,-98102.07702,704121.25263,-535447.14792,380388,-3.1999,,40
467,04, 29,,4,2016,"ПАТ ""БАНК АЛЬЯНС""",,33008.91875,30015.50645,0.16389,1147.58484,188.88825,0,0,12.81766,12.68948,69323.67421,13427.20262,300119,1.5819,,41
468,04, 48,,4,2016,"АКБ ""НОВИЙ""",,125165.13563,279165.93798,10879.58416,178563.1503,2011.65289,183477.25827,9311.17537,176.82795,24.39467,40746.38055,40738.78951,305062,0.0035,,42
469,04, 49,,4,2016,Полікомбанк,,168926.9169,86419.22243,11.63134,173431.69249,499.08831,90754.17845,1966.45251,0,0,39953.11754,20229.26818,353100,0.04619999999999999,,43
470,04, 62,,4,2016,"АТ ""ТАСКОМБАНК""",,1297740.3058,2369914.31208,7457.13857,2508242.43645,64218.34923,213168.71066,54012.35416,1231.30378,1015.81856,185955.30211,157911.73917,339500,0.03,,44
471,04, 72,,4,2016,"ПУБЛІЧНЕ АТ""БАНК ФАМІЛЬНИЙ""",,,80.04155,5.99031,27341.75978,26.10351,4449.23962,,204.77062,18.46145,75459.9709,75214.9709,334840,0,,45
472,04, 91,,4,2016,"ПАТ АКБ ""Львів""",,789223.11145,530740.96514,525.70921,403839.08642,2145.25999,194095.68057,12888.92809,88513.08055,4528.52234,119271.99632,72884.75766,325268,1.9475,,46
473,04, 95,,4,2016,"ПАТ ""ОКСІ БАНК""",,184220.60296,182586.65154,518.03278,234514.25844,3061.34152,90454.93265,1034.83974,23682.6276,1527.4347,20396.98737,11874.14037,325990,0.1147,,47
474,04, 96,,4,2016,"ПАТ ""А - БАНК""",,260016.60666,3907907.11368,20947.00969,627292.31493,55493.99294,237820.25263,23799.30038,28981.02496,22393.04944,351827.73263,336266.69727,307770,9.23,,48
475,04,101,,4,2016,"АКБ ""ІНДУСТРІАЛБАНК""",,333157.41061,518312.33501,3465.85641,1452006.14404,68070.17793,150636.91274,36231.81319,80157.9908,39678.65567,72827.82069,64737.0928,313849,-4.2572,,49
476,04,109,,4,2016,"ПАТ ""КБ ""Інвестбанк""",,47405.73108,69329.95936,279.50647,265234.33019,3612.21024,7626.83674,4.69087,0.00569,0.00354,9910.42761,9910.42761,328210,0.44,,50
477,04,113,,4,2016,"ПАТ ""Полтава-банк""",,416408.43946,230624.93342,714.0565,227167.61548,373.14406,177621.88301,8706.43668,12440.06995,858.95181,73977.69672,70145.17413,331489,2.35,,51
478,04,122,,4,2016,"ПАТ ""ФІНБАНК""",,123984.22383,106.46051,0,415730.77753,29101.50087,406309.12815,85321.48741,,,103959.07095,103959.07095,328685,-1.115,,52
479,04,123,,4,2016,"ПАТ ""БАНК ""ГРАНТ""",,447095.05349,430456.07187,93.82493,450634.8884,1924.10835,128107.71119,2407.72472,119018.93945,47695.67196,,,351607,0.09,,53
480,04,128,,4,2016,"АТ ""РЕГІОН-БАНК""",,121480.79961,88415.15398,409.4368,112039.58601,3608.51053,95504.40866,16178.86858,22845.6872,11126.15659,8886.56603,6635.63602,351254,0.46,,54
481,04,129,,4,2016,"ПАТ ""БТА Банк""",,133847.09103,28862.96849,98.5204,69405.29298,546.53185,229714.51717,27521.22475,211.06611,159.46924,468727.55502,246381.48266,321723,0.02,,55
482,04,133,,4,2016,"ПАТ ""АСВІО БАНК""",,349481.54356,1365066.9457,6084.73533,315549.76771,8714.22856,97636.79124,13184.52624,29850.53569,24620.52015,4792.07943,204.88062,353489,0.14,,56
483,04,143,,4,2016,"ПАТ ""КОМІНВЕСТБАНК""",,248076.64728,304040.99256,382.25034,368186.41468,2350.84008,193452.26213,2460.48909,9853.00326,4032.59131,79823.08143,72837.49744,312248,0.08,,57
484,04,146,,4,2016,"ПАТ""БАНК ""УКРАЇН.КАПІТАЛ""",,128058.94147,233528.73663,75.42425,197796.2824,155.12059,11836.20984,813.04495,14229.90415,118.40946,54967.54491,30220.4993,320371,0.1568,,58
485,04,159,,4,2016,"ПАТ ""ФІНАНС БАНК""",,59032.58329,11558.32288,5.04023,1960.9877,,195286.01101,11614.39128,,,25302.29602,25302.29602,300896,0.54,,59
486,04,169,,4,2016,"АТ ""НК БАНК""",,67745.15101,6690.22594,99.04679,68981.27008,1014.55027,216801.24046,26475.73729,2943.56303,1879.65246,64366.13329,58720.6909,322432,1.3099,,60
487,04,191,,4,2016,"ПАТ АКБ ""АРКАДА""",,484550.98661,100010.88497,1637.1593,89272.84934,6594.87746,1578069.56061,258788.54531,1171.20394,1079.79397,4431.96301,4431.96301,322335,0.1096,,61
488,04,205,,4,2016,"АТ ""МетаБанк""",,114902.05324,81711.91314,650.96337,172387.38574,1764.10639,614.73307,53.6154,5159.04036,1473.30833,33542.04585,24212.54705,313582,4.64,,62
489,04,206,,4,2016,"АТ ""Місто Банк""",,273466.12597,418183.28588,44.5559,542638.22243,19973.8115,876896.15252,33160.06577,211255.57353,7842.79601,36179.63418,35978.20341,328760,2.174,,63
490,04,231,,4,2016,"ПАТ ""ЮНЕКС БАНК"" м. Київ",,456002.76901,116662.35769,770.66958,279798.05026,3017.58522,452214.45357,7971.02194,181643.6467,48216.87069,100456.1622,59525.78662,322539,2,,64
491,04,237,,4,2016,"ПАТ ""КСГ БАНК""",,64058.70819,5347.52382,53.47524,317667.30478,2809.87653,64058.70819,501.28483,20459.09493,17185.64005,22113.95956,22113.95956,380292,0.1805,,65
492,04,240,,4,2016,"АТ ""КІБ""",,64616.51673,123552.83711,786.05265,172420.76691,5987.16279,,,,,,,322540,0.1752,,66
493,04,241,,4,2016,"ПАТ ""АГРОКОМБАНК""",,150167.45717,312679.86234,506.11314,205347.22453,472.69908,2160.10966,104.97633,1747.09323,446.63182,16535.92603,11323.25823,322302,0.0389,,67
494,04,243,,4,2016,"ПАТ ""КБ ""ЗЕМЕЛЬНИЙ КАПІТАЛ""",,6651.9162,94854.19024,1.72207,64865.97016,24.15929,21225.98749,1077.61391,1488.75298,,15727.75709,3229.74218,305880,-1.572,,68
495,04,262,,4,2016,"АБ ""ЕКСПРЕС-БАНК""",,189485.0569,302141.43659,4864.19051,102738.92303,2770.41334,209246.38612,9736.59385,967.11949,422.90762,171147.34866,167481.17484,322959,-2.3119,,69
496,04,276,,4,2016,"ПАТ ""КЛАСИКБАНК""",,56593.53176,,,318.98749,63.85341,394799.60011,134065.16201,,,4062.89636,4062.89636,306704,0.286,,70
497,04,286,,4,2016,"ПАТ ""АБ ""РАДАБАНК""",,152422.77351,207749.56292,2322.33137,161853.9758,4177.33908,1834.33324,917.16662,85.27296,67.73679,25426.25191,25257.16124,306500,2.5354,,71
498,04,288,,4,2016,"АБ ""КЛІРИНГОВИЙ ДІМ""",,507791.10461,1527445.20652,1924.73825,223976.87227,875.41595,929982.56502,89870.36568,503324.00894,201288.75418,490069.92413,351177.17374,300647,-9.12,,72
499,04,290,,4,2016,"""ПЕРШИЙ ІНВЕСТИЦІЙНИЙ БАНК""",,320302.30102,311226.47377,259.49368,429794.20767,2806.97735,59046.17253,1081.13556,41813.29739,349.92778,9581.15688,8972.68734,300506,0.47,,73
500,04,294,,4,2016,"ПАТ ""ПФБ"" м.Кременчук",,83908.42474,228956.9483,3319.71755,86157.49581,7895.01076,0,0,708.68846,287.35122,20030.24767,17194.29442,331768,6.9304,,74
501,04,303,,4,2016,"АТ ""АРТЕМ-БАНК""",,212511.16034,125539.34417,41.88528,289223.5529,1015.35857,93685.03823,1.11521,33307.26785,8050.17595,28252.79906,13191.96058,300885,7.96,,75
502,04,304,,4,2016,"АТ ""ФОРТУНА-БАНК""",,245375.43465,77809.77619,606.83835,3128694.52697,170692.88476,514.54509,,3562.65122,388.20545,320408.27859,247487.0733,300904,-4.5518,,76
503,04,309,,4,2016,"ПАТ ""ФІНЕКСБАНК""",,89104.55124,50114.87759,169.67587,126900.93727,3478.13778,,,,,5026.66525,5026.66525,380311,0.4149,,77
504,04,311,,4,2016,"ПАТ ""АКБ ""Траст-капітал""",,13753.17178,119052.97009,0.49049,158236.43456,68.18918,46904.9997,1672.61862,4211.37855,984.49063,48122.51778,47947.90723,380106,-0.5227000000000002,,78
505,04,318,,4,2016,"ПАТ КБ ""ЄВРОБАНК""",,28404.44383,392240.95906,-1984.95975,621145.82781,-7589.49852,21733.27219,-1587.99913,37104.3768,-648.89349,92091.87571,-31734.06044,380355,0.014,,79
506,04,320,,4,2016,БАНК ІНВЕСТ. ТА ЗАОЩАДЖЕНЬ,,984499.85437,1430784.20487,7225.21953,5183578.07237,88947.33846,19449.73753,356.90415,0,0,96428.37546,96428.37546,380281,0.1247,,80
507,04,326,,4,2016,"ПАТ ""АКБ ""КОНКОРД""",,29765.41863,212295.19489,6210.29262,112053.84009,22336.90735,88582.18434,15406.68255,107.75892,107.72042,6303.8353,6303.8353,307350,2.227,,81
508,04,328,,4,2016,"АТ ""БАНК БОГУСЛАВ""",,65291.86441,113239.12264,384.26881,329299.92806,15788.17954,10726.80142,,,,14807.13356,14199.11356,380322,-5.7346,,82
509,04,331,,4,2016,"ПАТ ""КРЕДИТВЕСТ БАНК""",,224273.92373,264710.89561,545.32856,498857.63983,9650.07072,16440.61873,241.40374,0.1016,0.08128,2312.04107,2312.04107,380441,4.8134,,83
510,04,334,,4,2016,"ПАТ ""КРЕДИТ ОПТИМА БАНК""",,37859.91718,24980.83024,,92512.68967,11167.66002,26595.87201,0,,,12486.35913,9947.99779,380571,0.1975,,84
511,04,377,,4,2016,"АТ ""УКРБУДІНВЕСТБАНК""",,55025.78032,123731.71567,76.04336,106074.4033,2745.71373,14775.41904,849.31752,189.1621,,43939.44701,17941.96515,380377,0.0674,,85
512,04,380,,4,2016,"ПАТ БАНК ""ТРАСТ""",,0,206169.57164,6640.37219,193418.29306,16835.14161,27855.70308,2131.38712,23790.55361,7486.58977,23146.35739,20602.81285,380474,0,,86
513,04,381,,4,2016,"ПАТ ""МОТОР-БАНК""",,106745.64723,150127.44978,125.09584,57445.55635,924.34841,2.46954,0.98782,66673.4532,38681.17898,19358.10307,4268.64991,313009,4.4084,,87
514,04,386,,4,2016,"ПАТ ""КБ ""ГЛОБУС""",,119388.29839,393250.22503,2115.42655,703627.79289,18192.38334,85226.53997,7929.76672,37424.6233,252.87453,113361.31497,111357.84485,380526,0.13,,88
515,04,387,,4,2016,"ПАТ ""АП БАНК""",,66209.42673,78679.55062,3439.77625,7493.2171,1443.18553,,,,,,,380548,-5.7472,,89
516,04,389,,4,2016,"ПАТ ""МІБ""",,764770.63298,481786.32976,66.73938,1944373.6016,32132.44074,428332.02001,48311.76163,220438.61406,75405.3506,140257.99832,140171.18135,380582,0.1964,,90
517,04,392,,4,2016,"ПуАТ ""КБ ""АКОРДБАНК""",,112536.13234,45805.44979,138.50503,37943.10752,1278.46302,282096.47272,5202.31171,1494.42925,6E-05,39432.60578,3906.69105,380634,1.19,,91
518,04,394,,4,2016,"ПАТ ""БАНК 3/4""",,2050.81967,145637.04586,39.92023,377754.24889,10669.62157,14026.85792,0,0,0,72.1611,72.1611,380645,6.7449,,92
519,04,395,,4,2016,"ПАТ ""ЄВРОПРОМБАНК""",,289245.59136,432609.23666,6.28058,,0,1177760.78582,170558.08639,,,2584.89902,2584.89902,377090,0.1688,,93
520,04,402,,4,2016,"ПАТ ""ВЕРНУМ БАНК""",,55824.56388,153756.42868,1048.37773,169732.7006,507.54173,6.40616,2.49524,0.38582,0.30865,55371.83545,54493.6741,380689,0.106,,94
521,04,406,,4,2016,"ПАТ ""АПЕКС-БАНК""",,201011.08781,125799.08652,289.64002,236931.55494,16933.94058,86443.73239,39078.71343,146.69327,145.22633,89440.32463,64471.89632,380720,-25.4603,,95
522,04,430,,4,2016,"ПАТ КБ ""Центр""",,15539.39175,66654.88803,62.87952,73273.97534,1015.1593,8888.3859,,,,13429.09607,13429.09607,380742,4.6296,,96
523,04,433,,4,2016,"ПУАТ ""СМАРТБАНК""",,89508.03152,218056.97901,8039.57931,122704.61095,6.18369,36278.86179,12697.60161,,,,,380786,0.387,,97
524,04,460,,4,2016,"ПАТ ""БАНК СІЧ""",,276628.54871,236298.15446,19.09686,314960.84836,96.92841,144068.96874,0,62024.89952,113.56115,5759.27813,3758.18224,380816,0.6263,,98
525,04,463,,4,2016,"ПАТ ""ДІВІ БАНК""",,421.00793,1037.09726,6.674,0,0,0,0,0,0,505.46807,505.46807,380827,4.16,,99
526,04,510,,4,2016,"ПАТ ""КБ""ФІНАНСОВИЙ ПАРТНЕР""",,21432.47709,66635.31804,1018.19951,28351.7483,3016.88212,,,,,12640.40228,12640.40228,380872,2.43,,100
527,04,512,,4,2016,"ПАТ ""АЛЬПАРІ БАНК""",,15801.44462,15114.47907,,,,15801.44462,,,,,,380894,0.1638,,101
528,04,533,,4,2016,"ПАТ ""БАНК МИХАЙЛІВСЬКИЙ""",,303920.74093,1833703.67021,39597.3165,1079543.35809,5829.48017,127877.6671,8318.62827,9461.03987,7812.478,68205.17333,68205.17333,380935,11.4088,,102
529,04,553,,4,2016,"ПАТ ""БАНК АВАНГАРД""",,0,66032.14271,3904.63756,249834.73118,47478.35945,9677.92287,1328.77762,,,,,380946,6.68,,103
530,04,573,,4,2016,"ПАТ""ІНВЕСТИЦІЙНО-ТРАСТ.БАНК",,38909.42896,60126.20376,,101945.01159,,,,,,,,380957,5.6046,,104
531,04,634,,4,2016,"ПАТ ""БАНК ""ПОРТАЛ""",,79813.57384,74145.44411,264.58111,53318.31635,3131.26882,14050.77059,4502.51544,,,4543.92421,4413.82863,339016,1.3623,,105
532,04,654,,4,2016,"ПАТ ""КБ ""ГЕФЕСТ""",,24324.15375,42574.78707,1277.24361,91104.93305,13054.76112,,,,,,,377120,8.7379,,106
533,04,674,,4,2016,"ПАТ ""ВЕКТОР БАНК""",,28996.74153,166334.87075,4385.53512,1959.70182,54.67501,,,,,,,339038,0.3548,,107
534,04,694,,4,2016,"ПАТ ""КРИСТАЛБАНК""",,57572.07258,62406.72953,224.86974,8486.94676,214.83383,57356.12099,2304.15128,1688.05578,328.94939,14377.2763,11059.24863,339050,5.22,,108
535,04,774,,4,2016,"ПАТ""ПЕРЕХІДН.БАНК""РВС БАНК""",,18744.11178,168.71438,0,89562.75272,898.05054,0,0,0,0,33748.75416,33748.75416,339072,-183.43,,109
536,04, 66,,4,2016,"АТ ""РОДОВІД БАНК""",,1773398.40872,94570.2,0,4882.54454,274.9551,240.17759,17.70299,877.51084,302.31586,7145322.23641,7129982.96728,321712,,,110
537,04,202,,4,2016,"ПАТ ""КБ ""ХРЕЩАТИК""",,528576.44362,618675.89467,873.97956,1366994.33533,62074.66985,842970.64492,319.69265,1198296.25691,189074.16363,650385.11317,467941.37907,300670,0,,111
538,04,317,,4,2016,"ПАТ КБ""ФІНАНСОВА ІНІЦІАТИВА",,13434458.9994,248155.7398,1684.34256,8670546.59392,1258989.1076,8875960.46149,4256130.94803,1322750.70089,1297631.42494,282847.01111,238932.05973,380054,14.03,,112
539,04,513,,4,2016,"ПАТ ""БАНК ""ЮНІСОН""",,283913.11097,229169.50171,566.77121,386074.92944,31116.92896,73605.41765,819.69045,17086.75091,341.28562,18952.25214,13885.51206,380902,0.42,,113
