id,name,type,Грошові кошти та їх еквіваленти,Кошти обов’язкових резервів банку в НБУ,Торгові цінні папери,"Інші фінансові активи, що обліковуються за справедливою вартістю через прибуток або збиток","Кошти в інших банках, усього","кредити та заборгованість юридичних осіб, усього","кредити та заборгованість фізичних осіб, усього",Цінні папери в портфелі банку на продаж,Цінні папери в портфелі банку до погашення,Інвестиції в асоційовані та дочірні компанії,Інвестиційна нерухомість,Дебіторська заборгованість щодо поточного податку на прибуток,Відстрочений податковий актив,Основні засоби та нематеріальні активи,Інші фінансові активи,Інші активи,"Необоротні активи, утримувані для продажу, та активи групи вибуття",Кошти банків,"кошти юридичних осіб, усього","кошти фізичних осіб, усього","Боргові цінні папери, емітовані банком",Інші залучені кошти,Зобов’язання щодо поточного податку на прибуток,Відстрочені податкові зобов’язання,Резерви за зобов'язаннями,Інші фінансові зобов’язання,Інші зобов’язання,Субординований борг,Зобов’язання групи вибуття,Статутний капітал,Емісійні різниці,Незареєстровані внески до статутного капіталу,Нерозподілений прибуток (непокритий збиток),Резервні та інші фонди банку,Резерви переоцінки,Процентні доходи,Процентні витрати,Чистий процентний дохід/(Чисті процентні витрати),Комісійні доходи,Комісійні витрати,Результат від операцій з цінними паперами в торговому портфелі банку,Результат від операцій з хеджування справедливої вартості,"Результат від переоцінки інших фінансових інструментів, що обліковуються за справедливою вартістю з визнанням результату переоцінки через прибутки або збитки",Результат від продажу цінних паперів у портфелі банку на продаж,Результат від операцій з іноземною валютою,Результат від переоцінки іноземної валюти,Результат від переоцінки об'єктів інвестиційної нерухомості,"Доходи/(витрати), які виникають під час первісного визнання фінансових активів за процентною ставкою, вищою або нижчою, ніж ринкова","Витрати/(доходи), які виникають під час первісного визнання фінансових зобов'язань за процентною ставкою, вищою або нижчою, ніж ринкова",Відрахування до резерву під знецінення кредитів та коштів в інших банках,Відрахування до резерву під знецінення дебіторської заборгованості та інших фінансових активів,Знецінення цінних паперів у портфелі банку на продаж,Знецінення цінних паперів у портфелі банку до погашення,Відрахування до резервів за зобов'язаннями,Інші операційні доходи,Адміністративні та інші операційні витрати,Частка в прибутку/(збитку) асоційованих компаній,Прибуток/(збиток) до оподаткування,Витрати на податок на прибуток,Прибуток/(збиток),Переоцінка цінних паперів у портфелі банку на продаж,Переоцінка основних засобів та нематеріальних активів,Результат переоцінки за операціями з хеджування грошових потоків,Частка іншого сукупного прибутку асоційованої компанії,"Податок на прибуток, пов'язаний з іншим сукупним доходом",Інший сукупний дохід після оподаткування,Усього сукупного доходу
1,АВАНГАРД,1,46645.48,0,0,0,340227.4,0,0,50349.6,0,0,0,74.07,272.2,3622.302,0.4515,182.3884,0,98404.54,186979.8,5292.422,0,0,3939.029,261,0,6854.318,1906.921,0,0,122000,0,0,14537.43,9.38623,1189.084,49086.22,-13739.3,35346.91,1119.782,-131.599,0,0,25402.78,-38873.6,54942.62,0,0,0,0,-41661.2,0,0,0,0,0.24595,-18008.7,0,18137.29,-3778.2,14359.09,1450.084,0,0,0,-261,1189.084,15548.18
2,АГРОКОМБАНК (Айбокс Банк),1,94847.21,0,43204.79,0,102442.1,252253.2,60538.96,60,0,0,0,571.138,0,91687.44,41511.42,7478.165,0,128609.9,136603.3,219605.2,0,57849.21,0,0,302.7668,1198.324,955.4729,17091.97,0,102453.5,0.5,0,299.4128,11535.41,18089.51,52405.93,-41383.7,11022.22,18332.48,-4024.87,5692.308,0,21642.67,0,14238.75,-21252.2,0,0,0,-5067,-103.552,0,0,785.9224,2062.884,-42830.2,0,499.4128,-200,299.4128,0,0,0,0,0,0,299.4128
3,АКОРДБАНК,1,94799.8,0,0,0,5769.872,392938.9,13099.39,39143.23,0,0,0,553.3384,356.5032,4883.145,10830.67,164.2288,0,70910.18,79634.64,238266.2,0,0,0,0,11.56529,1373.078,2426.737,67407.49,0,96400,0,0,4838.035,1445.514,-174.306,69541.54,-44225.3,25316.24,14798.7,-1546,0,0,-3114.74,0,-23876.6,30761.86,0,0,0,-1146.1,-152.618,0,0,2.11049,277.0352,-36482.5,0,4837.4,0,4837.4,-126.803,0,0,0,0,-126.803,4710.598
4,АКЦЕНТ (А-Банк),1,1179334,0,7540.334,0,0,149406.4,781868,0,0,0,0,0,0,24058.06,9138.318,31747.22,0,3.37321,161713.3,1733908,0,0,0,1357.259,39.26932,18179.24,8478.459,50424.66,0,125560,40.51219,0,45261.72,36168.36,1957.303,498324.7,-227013,271311.7,107611.7,-7239.65,3855.6,0,0,0,19734.96,-37901.9,0,0,0,-129986,-138.224,0,0,-27.246,9354.82,-222003,0,14573.01,-3955.85,10617.16,0,0,0,0,0,0,10617.16
5,АЛЬПАРІ БАНК,1,839.1882,0,0,0,0,27213.97,0,109418.6,0,0,0,176.74,0,3797.374,315.5911,113.7739,0,0,4735.443,1887.858,0,0,326.9813,2039.169,0,4.44231,504.3974,0,0,122000,0,0,549.9323,39.76637,9787.213,16666.36,-480.536,16185.83,258.1358,-93.8132,0,0,0,-301.973,-3.81325,-284.777,0,0,0,-2961.15,-28.399,0,0,0,3.85993,-12242.6,0,531.2683,-297.416,233.852,9508.093,0,0,0,-1905.66,7602.434,7836.286
6,АЛЬФА-БАНК,1,4617338,0,0,2770711,1044522,20757719,4851464,911975.3,0,0,127752.2,0,197679.4,553798.1,826007.4,34947.26,0,5121681,7544561,10516269,48605.48,6772668,0,0,4693.927,161371.2,136117.5,2878258,0,4639121,6.46353,0,-1660761,294047.6,237274.9,4731180,-3013322,1717858,841284.4,-74212.2,711167.5,0,1969199,0,-81058.7,-765962,4155.25,-2983.38,0,-4111916,-2791.85,0,0,1179.856,616032.8,-1707508,0,-885556,141505.9,-744050,-2023.7,0,0,0,0,-2023.7,-746074
7,АЛЬЯНС,1,36428.29,0,22923.3,0,0,526061.7,357.0926,22376.78,0,0,0,77,0,4257.249,1.95729,256.8597,0,11250,206044.9,41672.82,0,0,320.6709,3148.856,16.38235,748.6785,367.2674,63872.13,0,64778.9,0,197221.1,49.66254,22673.6,575.2705,45856.13,-13299.7,32556.44,1880.565,-394.02,315.2178,0,2504.031,0,5758.44,-6794.01,0,0,0,-26437.6,9.28762,0,0,-1.99766,218.3316,-7906.97,0,1707.719,-1658.06,49.66254,-463.179,0,0,0,-126.279,-589.458,-539.795
8,АПЕКС-БАНК,1,277062.3,0,0,0,44625.84,430250.7,76852.16,0,0,0,0,3476.483,98.261,3615.584,3802.202,1183.184,1441.543,102449.2,201197.1,310551.9,0,0,797.0694,0,29.94016,7071.503,2240.695,0,0,205000,0,0,11018.03,2052.748,0,85477.71,-51036.1,34441.63,21215.25,-7347.98,0,0,0,0,60235.14,-21156.5,0,-37.9752,0,-37129.1,0.89174,0,0,0,121.9035,-46578.7,0,3764.457,-1027.03,2737.424,0,0,0,0,0,0,2737.424
9,АРКАДА,1,116507.4,0,0,0,0,1934424,127242.9,39354.61,50205.48,0,0,0,0,232179.3,151.4159,1670.822,0,186033.2,792291.9,977231.6,0,0,84.917,6864.351,15364.13,192174.2,12405.88,0,0,220445,13.40704,0,52459.52,46367.46,0,310382.4,-246126,64256.51,108664,-80.9579,0,0,0,11001.98,3083.394,1680.101,0,0,0,-17144.8,357.5937,-0.37998,0,-9779.6,6463.637,-156811,0,11690.22,-3134.96,8555.252,0,0,0,0,0,0,8555.252
10,АРТЕМ-БАНК,0,44821.38,0,0,0,68954.22,313716.7,33802.65,59384.53,0,0,0,0,0,1681.981,37.14678,655.4008,0,69134.66,108610.6,147197.7,0,9721.129,91.65074,0,12.59034,4806.261,864.2501,85887.86,0,86000,0,0,1935.06,9292.578,-500.399,54425.72,-35883.4,18542.32,10333.84,-2403.96,0,0,57.28313,0,7750.172,-3236.9,0,0,0,4921.686,-3.29251,0,0,-11.0966,232.8471,-34023.4,0,2159.464,-224.404,1935.06,-663.095,0,0,0,0,-663.095,1271.965
11,АСВІО БАНК,1,28264.62,0,0,0,2712.192,385457.3,1544.003,0,0,0,0,170,10.9731,4648.742,4.02709,1336.788,0,0,106771.1,183189.6,0,0,0,2.09712,467.8591,2818.694,1562.533,0,0,104000,27.22845,0,5058.202,20251.37,0,65951.28,-36419,29532.25,1041.555,-175.702,0,0,252.8382,0,1567.817,-3709.41,0,-376.557,0,-6756.84,-6.7935,0,0,-467.859,540.2038,-19499.8,0,1941.725,-321.886,1619.839,0,0,0,0,0,0,1619.839
12,АГРОПРОСПЕРІС БАНК (Астра банк),1,113604.5,234.0693,0,0,1959.183,0,124.3156,0,0,0,0,1078.534,2141.676,51127.54,6.85277,318.3029,0,566.4101,2040.998,1147.422,0,0,0,0,3246.087,938.7174,33.88112,0,0,150104.9,0,0,5484.315,7032.261,0,35917.1,-11196.7,24720.36,1200.594,-156.688,0,0,0,-17.1054,201.2458,-2253.19,0,0,0,198.275,0,0,0,182.8258,1024.816,-23996,0,1105.128,-113.255,991.8729,3102.642,0,0,0,-310.264,2792.378,3784.251
13,БАНК 3/4,1,360493.3,0,0,285010.4,25718.63,278181.1,265729,231490.1,0,0,49750.19,0,3463.787,50826.5,2616.519,5728.907,0,523816,91090.7,270914.5,0,0,0,66273.36,47.63108,52811.73,1737.812,0,0,350000,0,0,78839.32,90495.83,32981.63,160434.8,-40760,119674.9,47841.4,-9744.33,0,0,326374.2,-71658.2,-194924,-101977,24794.01,0,0,8829.476,-54474.2,0,0,8.2986,177.2552,-84799.9,0,10121.81,2001.474,12123.28,8481.202,14370.06,0,0,-4013.22,18838.04,30961.32
14,БМ БАНК,1,241675.5,0,113035.4,0,0.00001,2156179,404403.4,0,0,0,0,4.3695,457813.1,17361.89,2064.337,3648.686,40964.17,777384.2,669997,589893.1,0,0,0,0,1385.706,99085.1,2723.089,438323.7,0,776397.4,0,457128,-380548,5383.407,-2.71102,240363.5,-228404,11959.23,32614.62,-3070.96,-1353.83,0,-6778.19,0,160222.6,-156931,0,0,113.9837,-184744,-9554.94,0,0,-372.599,15122.05,-173189,0,-315961,449278,133316.7,0,0,0,0,0,0,133316.7
15,БОГУСЛАВ,1,34471.04,0,0,1630.561,11037.04,333529.3,16861.97,112531.9,0,0,3876.639,0,148.4401,17906.65,8301.186,1070.254,0,70067.17,77198.7,189990.6,0,0,0,0,47.40855,9348.398,974.5919,0,0,180000,0,0,8381.228,5951.663,-594.657,80961.9,-36355.9,44606,10818.22,-2425.74,0,0,13704.72,761.6072,-10147.8,-13143.4,0,0,0,-13726.8,-6.78394,0,0,0,285.7863,-28926.3,0,1799.557,-357.476,1442.082,1202.034,0,0,0,0,1202.034,2644.116
16,БТА БАНК,1,238935.6,0,0,8787.047,0,817950.2,24468.69,93751.44,0,0,1324948,2085.563,7691.463,66751.42,10470.12,165677.7,22820.23,494845.7,102781.4,578803.5,0,0,0.00004,3049.068,0.18565,8458.509,26140.2,0,0,1500000,3.275,0,2125.479,27647.77,40482.39,177189.9,-147624,29565.71,49123.89,-4394.45,0,0,8787.047,-7073.97,-12717.7,69414.69,0,0,0,-79850,-10348.2,0,0,1.80325,147991.4,-188372,0,2128.182,-2.70258,2125.479,-759.232,0,0,0,0,-759.232,1366.247
17,ВЕКТОР БАНК,1,12486.23,0,27089.44,0,0,132868,10319.45,0,0,0,0,0,0,3149.135,0,42.34387,0,0,56805.55,5393.691,0,2233.566,111.6599,0,0,13,76.54785,0,0,121000,0,0,320.6281,0,0,8248.708,-2843.18,5405.532,651.8622,-54.8359,436.7215,0,0,0,0,0,0,0,0,-34.4071,0,0,0,0,318.5096,-5726.1,0,997.284,-111.66,885.6241,0,0,0,0,0,0,885.6241
18,ВЕРНУМ БАНК,1,274441,0,0,14.19167,137191.6,124132,7091.642,48839.08,0,0,0,642.464,0,24857.47,994.0373,1340.165,0,230322.3,36393.2,170534.8,0,0,0,60.52576,0,2508.881,957.8844,0,0,169500,0,0,1252.453,7151.545,862.0583,33039.7,-15586.9,17452.83,9048.658,-789.32,0,0,-10787.1,0,15080.9,2312.676,0,0,0,-8646.33,-4.07276,0,0,86.08461,636.6134,-23048.8,0,1342.093,-89.6404,1252.453,862.0583,0,0,0,0,862.0583,2114.511
19,ВІЕС БАНК,1,454262,30602.26,0,0,119063.5,1202116,443645.5,52,177689.6,0,3279.6,7751.494,0,193091.8,12224.85,2635.255,0,1006018,313212.6,453738.7,0,698.6933,0,20183.18,26.94107,46061.51,13191.96,155071.7,0,420000,42863.64,0,7140.583,28757.46,139449,290452.1,-104825,185627,43215.89,-3848.82,0,0,0,0,19054.05,-50286.3,1372,0,0,-39388.8,-1183.07,0,0,32.06465,16524.6,-123558,0,47560.63,-6962.6,40598.03,0,71255.28,0,0,-13611.6,57643.65,98241.67
20,ВОСТОК,1,656382.9,0,0,0,328271.2,3253962,29865.63,395.2122,0,0,0,5457.863,1389.517,32445.56,131110.7,7886.759,0,458104.5,1360768,1744678,0,77967.95,0,0,2947.587,306568.5,23468.54,67062.59,0,307350,0,0,94862.15,3389.764,0,364598.9,-242864,121734.5,160794.7,-21240.9,0,0,-4222.81,0,-41576.3,56386.02,0,753.0234,588.1655,-35326.2,-2605.78,0,0,-2286.18,21030.56,-202786,0,51242.23,-10657.1,40585.11,-10.4636,0,0,0,-1.88344,-12.347,40572.77
21,ВТБ БАНК,1,2011075,0,1054143,25444.78,32270.85,27512566,1773398,702461.7,0,0,1553006,10687.44,430860.2,1212557,49043.4,31659.05,103089.1,19991071,3990601,3909570,0,0,0,19162.32,13059.68,40785.64,59060.99,3391297,0,5415764,1.1984,1200000,-1681711,0,153600.2,3457709,-1968183,1489526,547323.9,-33371.4,320224.2,0,-346779,-10720.5,91033.07,599334.5,0,0,0,-1044306,-54602.3,0,0,-9834.25,205671.8,-1335116,0,418384.6,224410.4,642795.1,16628.26,-14467,0,0,0,2161.301,644956.4
22,ГЕФЕСТ,1,91368.36,0,0,0,28550.47,0,0,0,0,0,0,13.16,0,1276.456,0,5.2862,0,0,0,0,0,0,0,0,0,0,111.756,0,0,121000,0,0,37.57809,64.39977,0,4073.206,0,4073.206,0,0,0,0,0,0,0,0,0,0,0,-958.639,0,0,0,0,0,-3076.99,0,37.57809,0,37.57809,0,0,0,0,0,0,37.57809
23,ГЛОБУС,1,120685.5,0,242166.4,0,77728.97,714264.6,6146.641,0,0,0,56568.4,595.585,0,65639.78,65685.55,1777.55,2858.8,157691.9,152868.2,563039.8,0,163940.4,0,140.202,11568.09,6050.896,3788.868,60441.13,0,160000,0,0,38594.79,35993.53,0,198120.3,-113369,84751.32,19049.96,-3304.29,-1850.51,0,182712.2,0,83361.51,-197124,0,0,0,-66200.4,-18227.3,0,0,-8708,2242.49,-69037.8,0,7665.506,0,7665.506,0,0,0,0,0,0,7665.506
24,ГРАНТ,1,165245.2,0,0,0,2981.993,759761.3,79975.14,3408.01,0,0,305.3333,800,47.011,61654.23,21038.83,1442.348,18552.1,4642.495,316066.6,476582.9,0,0,0,183.4653,59.16606,67609.84,3001.4,33962.16,0,130000,0,27453.6,2495.778,19839.44,33314.59,130272.7,-107497,22775.54,25561.24,-2029.55,0,0,0,0,2568.828,1087.076,0,0,0,-957.356,-89.3706,0,0,-21.5892,565.8177,-48216.6,0,1244.049,-721.654,522.3951,0,1973.383,0,0,0,1973.383,2495.778
25,ДЕРЖЗЕМБАНК,0,121620.3,0,0,0,0,0,0,0,0,0,0,0,0,8239.296,0,18.66852,0,0,0.049,0,0,0,29.602,0,0,13.27689,536.1548,10075.47,0,120000,0,0,-776.332,0,0,21415.33,-1470.97,19944.36,2.747,-32.946,0,0,0,0,0,0,0,0,0,0,27.0523,0,0,0,0,-17776.6,0,2164.59,-29.602,2134.988,0,0,0,0,0,0,2134.988
26,ДІАМАНТБАНК,0,1079896,0,226502.2,0,112730.9,3185788,55271.15,89978.43,0,0,0,0,0,100758.9,28931.51,56667.64,169623.3,777053.2,1725057,1690190,0,0,1166.483,719.1752,3077.909,92444.6,26728.74,502191,0,210000,0,0,8064.665,69455.2,0,633309.8,-486358,146952.3,196507.8,-34170.1,22247.8,0,54336.58,567.6444,19475.8,-1703.99,0,0,0,-140530,4162.961,-4486.22,0,1788.257,6252.861,-259142,0,12258.92,-4194.26,8064.665,0,0,0,0,0,0,8064.665
27,ДІВІ БАНК,1,943.2456,1439.858,0,0,297.7181,1781855,36.78873,0,0,0,0,0,5334.52,6956.294,410.9753,661.6913,0,250270.4,235445.6,51441.43,0,0,2351.123,0,1059.951,303.4086,2415.992,682120.5,0,590000,0,0,-19137.4,1665.117,0,688835.1,-511251,177583.9,5241.078,-2951.01,0,0,-253902,0,-41569.5,264886.4,0,0,0,-188630,-50.8164,0,0,17017.62,77694.94,-105886,0,-50565.9,-208.742,-50774.6,0,0,0,0,0,0,-50774.6
28,ДОЙЧЕ БАНК ДБУ,1,106585.7,0,0,0,0,241852.3,0,510250.9,0,0,0,0,2656.222,661.1013,139.9782,387.6633,0,0,403700.4,0,0,0,2915.135,0,1316.218,197651.7,10011.42,0,0,228666.1,0,0,12347,5925.852,0,48945.15,-3455.51,45489.64,23304.5,-3956.3,0,0,0,0,6959.245,7070.927,0,0,0,5107.898,55.41173,0,0,548.2142,2035.916,-51091.4,0,35524.05,-7593.38,27930.67,232.6198,0,0,0,-23.262,209.3579,28140.02
29,ЕКСПРЕС-БАНК,1,639093.3,0,75552.9,0,1468.069,801365.5,193450.6,48087.2,0,0,0,22375.22,0,95113.38,4094.127,7768.095,10218.18,340131,554108.6,520284.6,0,0,807.625,253.3868,731.1648,17533.01,7516.626,0,0,248767.8,0,0,77230.42,83344.68,47877.69,279337.4,-129524,149813.8,124009.8,-8729.35,2368.854,0,1145.591,0,17025.21,-5640.92,0,0,0,-46209.3,-414.075,-2651.22,0,12631.27,11944.16,-257278,0,-1983.74,2680.288,696.5521,0,0,0,0,0,0,696.5521
30,ЄВРОБАНК,0,192062.4,0,0,35652.91,23260.69,372117.5,125992.4,432832.2,0,0,0,221.9796,179.1398,87819.65,166884.9,503.3249,2259.31,33036.23,724455.8,442779.4,0,0,0,0,1530.097,35131.47,4225.565,63741.88,0,126670,0,0,2303.106,92.93389,5820.003,112032.2,-123227,-11195.1,83044.61,-9823.26,0,0,-1823,-11753.2,7129.501,12026.76,0,0,5583.811,-29083.2,38.5685,1764.711,0,-1369.68,13288,-56893.5,0,934.9371,0,934.9371,5017.703,0,0,0,0,5017.703,5952.641
31,ЄВРОПРОМБАНК,1,2310.045,0,0,0,92.54649,843286.6,165.4754,0,0,0,0,0,12.666,29089.64,-110.514,516.9465,0,9377.636,196999.6,529909.8,0,0,409.565,0,0,3405.953,5698.765,0,0,120000,0,0,261.9458,9300.202,0,153011.4,-94398.8,58612.69,1882.22,-469.887,0,0,1004.345,0,-462.506,2940.899,0,0,0,-38466.6,0,0,0,412.8,143.8098,-24170.8,0,1426.982,-959.811,467.171,0,0,0,0,0,0,467.171
32,ЗЕМЕЛЬНИЙ КАПІТАЛ,1,5851.989,0,0,0,0,155527.2,7265.21,0,0,0,7498.141,0,335.1291,36577.74,47.65522,40227.11,0,744.7038,80705.99,24327.59,0,0,20.982,0,0,14.83776,568.366,33900.64,0,106220.5,0,0,-5902.01,5273.89,7454.714,25485.41,-18516.1,6969.337,6253.73,-1770.77,0,0,0,0,388.5258,-5367.4,26.58413,0,0,-374.287,1.40568,0,0,0,25.38739,-11794.1,0,-5641.63,-269.349,-5910.98,0,0,0,0,0,0,-5910.98
33,ІДЕЯ БАНК,1,135186.1,0,0,0,107.8995,39340.28,2167900,324180.7,14000,0,141.1671,11168.69,4917.038,106987.1,69116.18,21631.18,4965.299,275659.3,380889.5,1710276,30441.22,1466.886,5649,1585.393,45.07646,38307.18,9603.831,96705.16,0,186181.2,52502.75,0,11924.39,65649.71,32754.89,659498.2,-490881,168616.8,157609.8,-7445.87,0,0,0,63046.12,13769.1,-70732.8,0,0,0,-89513.4,-5544.78,-12.387,0,401.0347,16729.3,-233724,0,13199.05,-2458.83,10740.22,815.3123,0,0,0,0,815.3123,11555.53
34,ІНВЕСТБАНК,0,18142.95,0,58.94028,0,41068.56,408680,9892.239,60,0,0,15838.43,695.8692,6.46798,32687.59,1724.898,760.2325,1599.629,72890.51,37533.03,239108.1,0,0,51.147,2364.638,0,2436.595,1418.021,53455.4,0,74129.6,0,0,15369.7,13925.45,18533.6,61392.61,-40654,20738.62,7170.248,-885.691,1.34208,0,0,0,1205.839,1036.562,0,0,0,-4122.93,13.20824,0,0,3.3936,2775.286,-22799.5,0,5136.364,-907.801,4228.563,0,10756.72,0,0,0,10756.72,14985.28
35,ІНВЕСТИЦІЙ ТА ЗАОЩАДЖЕНЬ,1,477151.9,0,0,95.36603,-3345.54,3526231,26377.65,0,0,0,0,47.125,999.783,24872.92,108159,959.3989,0,44288.33,1921365,1261865,0,180746.1,0,0,1383.93,208890.9,6043.236,0,0,250000,0,250000,2455.709,34510.64,0,380320.6,-256203,124118,47845.17,-27433.3,27.03,0,-93275.3,0,99735.9,8445.768,0,0,0,-78272.5,44076.91,-180.32,0,-1130.86,1809.059,-121825,0,3940.242,-1484.53,2455.709,0,0,0,0,0,0,2455.709
36,ІНГ Україна,1,1331501,0,9361.29,0,0.00001,9129456,42663.08,1300845,0,0,0,262666.9,5105.98,10455.87,1927.236,3607.949,0,6985466,2449751,12163.17,0,0,55398.05,0,17129.4,644289.6,59927.98,0,0,731298,0,0,228880.2,913286.8,0,774013.7,-48996.5,725017.2,86236.01,-229582,-9679.04,0,-70012,0,236340.7,142979.4,0,0,0,-23350.7,0,0,0,-6591.56,12426.57,-582153,0,281631.8,-52751.6,228880.2,0,0,0,0,0,0,228880.2
37,ІНДУСТРІАЛБАНК,1,497839.6,0,0,10927.83,0,1678830,37208.73,34934.47,0,0,193991.9,16544.19,1883.626,159054.8,24737.89,9799.135,0,243024.3,456240.4,1080532,0,5334.155,9282.494,7713.985,31.948,29656.8,12582.53,0,0,607798.1,8021.504,0,22994.14,175379.2,7160.449,308758.9,-168514,140245.1,43585.48,-9638.64,0,0,993.0433,53.46555,-18084,5145.631,0,0,0,-82555.5,670.0813,7142.939,0,508.192,82583.78,-149974,0,20676.09,-9282.49,11393.6,1223.895,-424.12,0,0,76.34177,876.1174,12269.71
38,КІБ (Комерційний індустріальний банк),1,13141.82,0,0,0,0,118232.7,263.9792,60,0,0,0,0.73016,160.4828,10778.58,670.5061,145.7385,0,0.01698,6216.372,11844.03,0,0,0,0,2.69108,284.7216,250.3569,0,0,112417.1,0,0,3136.485,3468.247,5834.475,5384.547,-1583.71,3800.836,4437.984,-1760.36,0,0,0,0,2034.612,-4158.25,0,0,0,3610.234,3.92807,0,0,9.16385,6349.83,-13169.6,0,1158.422,-737.168,421.2545,0,0,0,0,0,0,421.2545
39,КЛАСИКБАНК,0,65232.24,0,0,0,28569.1,974638.3,20499.08,0,0,0,0,359.5388,0,1176.564,141.7228,194.5857,0,105090.5,748127.6,5532.59,0,0,0,13.59065,5606.74,587.5156,136.3966,0,0,220000,0,0,567.9454,5148.284,0,70073.03,-3546,66527.03,19058.89,-912.344,0,0,0,0,-21023.4,24835.86,0,0,0,-79916.8,-44.7706,0,0,-1235.94,632.6631,-7202.14,0,719.0572,-151.112,567.9453,0,0,0,0,0,0,567.9453
40,КЛІРИНГОВИЙ ДІМ,1,2234991,0,0,0,0,1729427,207966.6,444214.2,165033.9,0,0,9745.754,17832.43,92686.23,17427.99,1737.044,3589.945,230929.4,3403878,496796.4,0,0,0,0,214.364,1064.043,7344.027,264021.2,0,439692.5,0,0,-90036.7,115220.6,55527.91,367381.8,-135674,231708.2,33754.86,-1604.4,10.0476,0,3703.476,-439.858,-90987.4,95998.41,0,0,0,-311816,63.61272,0,0,-68.2078,914.2338,-70084.9,0,-108848,18658.17,-90190.1,6770.983,0,0,0,-1227.87,5543.111,-84647
41,КОМІНВЕСТБАНК,1,160285.6,0,0,0,226033,567934.3,81843.05,0,1894.827,0,4841.581,0,0,63239.9,5026.322,14465.93,200.345,253141.2,222620.3,486393.2,11132.04,0,1200,0,139.2399,9624.326,1600.137,0,0,125000,0,0,1254.758,10197.09,3462.611,82638.1,-66319.5,16318.58,61872.6,-5047.57,0,0,0,0,17231.99,2153.346,0,0,0,-23493,-474.355,0,0,-42.2183,991.4329,-66680.1,0,2830.721,-1575.96,1254.758,0,0,0,0,0,0,1254.758
42,КОНКОРД,1,33304,0,0,38.80917,1248.929,177970.3,89.59878,3607.041,0,0,3145.261,279.884,389.2235,27376.91,22.67,708.9312,3358.935,0,67079.07,32748.85,0,0,0,131.307,0.76104,12556.61,425.6677,0,0,130000,0,0,819.4362,7778.843,0,29029.38,-6082.74,22946.63,2431.301,-491.092,0,0,0,0,1166.528,-220.383,0,0,0,-16505.4,0,-8.03923,0,-0.76104,100.477,-8599.82,0,819.4362,0,819.4362,0,0,0,0,0,0,819.4362
43,КРЕДИТ ДНІПРО,1,1252888,0,0,0,73423.76,5450064,209371.2,118409.1,0,0,164618.5,9861.855,26938.55,160696,7372.51,68124.83,9947.059,118858.3,2123200,3648006,584.0905,231229,4405.92,0,620.3863,89377.11,31874.71,566091.2,0,585000,0,0,-109978,166954.8,95491.75,785000,-649666,135334.1,265884.8,-27227.2,0,0,-301579,25428.57,97113.97,223203.3,55931.01,-1120.16,2382.684,-288640,-2928.29,0,0,-29.9404,5383.158,-318322,0,-129185,19206.97,-109978,1064.135,0,0,0,0,1064.135,-108914
44,КРЕДИТ ЄВРОПА БАНК,1,909543.6,0,0,39768.65,0,1059518,30524.83,170230.7,0,0,283.338,33619.53,0,9795.847,28.47423,2013.517,3580.216,1008909,239230.2,19349.03,0,0,0,383.834,6324.757,557176,3388.553,0,0,252500,0,0,170086.1,5230.567,-3671.86,203501.6,-71077.6,132424,46266.88,-8111.26,0,0,53523.04,-289.959,-12641.5,-40238.2,0,0,0,2535.062,0,25433.78,0,15498.02,1559.682,-45873.4,0,170086.1,0,170086.1,-1617.16,0,0,0,0,-1617.16,168469
45,КРЕДИТ ОПТИМА БАНК,1,8713.007,0,0,0,22617.21,73937.59,47132.23,0,0,0,0,31.927,13.97748,12817.52,0.53846,3237.591,7955.9,0,31311.88,5292.559,0,8000.052,0,0,0,14.59367,96.51296,63060.28,0,63000,0,0,8.62798,5672.982,0,28118.4,-15945.5,12172.85,813.4872,-43.1374,1.30111,0,1.12522,0,213.155,1754.389,0,-5.55986,0,-3645.92,-7.01903,0,0,0,474.0514,-11614.8,0,113.9531,-105.325,8.62798,0,0,0,0,0,0,8.62798
46,КРЕДИТВЕСТ БАНК,1,95883.76,0,0,0,103123.3,447117.4,1274.607,0,0,0,0,0,71.22118,2319.478,1082.437,1330.122,11436.59,31582.32,305333.3,62075.23,0,0,2.059,0,0,36126.23,1583.69,87141.96,0,88045.2,2902.365,0,16201.74,32644.75,0,55663.26,-24501.2,31162.05,13402.76,-1474.44,0,0,141.7755,0,14987.47,1910.138,0,0,0,-3488.76,-2.72526,0,0,21,472.548,-37159.1,0,19972.72,-3770.99,16201.74,0,0,0,0,0,0,16201.74
47,КРЕДІ АГРІКОЛЬ БАНК,1,3063505,0,0,0,2883018,13013845,1515955,910,0,0,7586.031,90015.28,34598.2,409462,20594.4,25711.49,14119.89,964233.4,13208872,4416328,21333.29,9672.787,0,0,75852.73,27780.05,150273.8,791315.5,0,1222929,0,0,-91110.6,281841,0,2258551,-790599,1467952,455073.1,-75577.8,0,0,97092.76,-0.12,456338.3,-105747,0,0,0,-1209537,-6997.21,0,0,-33571.1,14788.69,-939463,0,120350.9,-29935.3,90415.55,0,0,0,0,0,0,90415.55
48,КРЕДОБАНК,1,508943.5,0,0,117967.2,23442.49,1860681,1153089,864162.7,859397.7,0,8927.957,46186.61,22015.59,485539.1,31342.29,48094.97,0,1168062,1492757,1978620,0,18443.76,8000,3458.139,912.6686,275537.4,24414.28,566020.2,0,1918969,38.05317,0,-1604232,40175.67,138613,547364.4,-250785,296579.2,181971.6,-20468.3,0,0,47334.79,2409.426,55146.27,-83999.2,0,0,0,-6021.52,2245.033,-1202.81,0,1345.703,110414.8,-572768,0,12986.93,-8396,4590.929,23286.51,-38548.1,0,0,0,-15261.6,-10670.7
49,КРИСТАЛБАНК,0,2462.6,0,0,0,0.002,91657.13,21210.64,0,0,0,0,0,0,6757.239,640215.5,0,0,41485.42,0,719243.6,0,0,0,0,0,200.9793,0,0,0,1522.5,0,0,-149.422,0,0,549.9428,-216.609,333.334,0,-1.09637,0,0,0,0,0,0,0,0,0,0,0,0,0,0,656.3597,-1138.02,0,-149.422,0,-149.422,0,0,0,0,0,0,-149.422
50,КСГ БАНК,0,19985.79,0,0,0,24082.19,305512.3,4917.596,15,0,0,14370.55,215.64,0,7529.403,20.31325,1576.582,0,8400.175,140420.9,29603.06,0,0,421.8505,999.8152,0,437.393,470.7249,0,0,153000,0,0,22238.58,7945.902,14287.06,53077.46,-18455.1,34622.36,6177.402,-2500.89,0,0,3873.424,-47.0248,-1094.62,-5241.34,1195.33,0,0,-26671.1,-13.8971,69.1066,0,0,2357.716,-11271.8,0,1454.683,-489.178,965.5049,0,0,0,0,0,0,965.5049
51,ЛЬВІВ,1,29330.38,25801,28629.04,0,137853.9,743996.3,79468.97,0,48264.91,0,0,2071.416,0,53819.49,7387.824,39289.18,0,101137.7,242086,521283.4,0,57576.65,0,0,0,24056.97,1562.085,104713.7,0,252905.3,230.3126,0,-157713,9936.317,38136.6,119893.1,-89418.2,30474.91,20785.03,-1917.96,1906.162,0,0,0,3185.179,-11860.7,0,0,0,2350.949,-29.8122,0,0,0,1110.989,-52597.6,0,-6592.8,0,-6592.8,0,0,0,0,0,0,-6592.8
52,МАРФІН БАНК,1,449267.6,0,0,0,80623.4,1067322,529841.1,88967.75,20004.55,0,27514.1,2276.597,18550.96,130589,37242.06,5828.126,149076.4,0,942352.1,974034.3,0,0,0,0,307.1451,153679.7,5563.806,0,0,435000.1,80211.74,0,-112815,82381.68,46388.67,202903.5,-114344,88559.3,98803.93,-21331.9,-42.9269,0,-516.621,-25458.9,20508.39,47124.81,3623.704,-2151.85,0,-163099,-219.868,0,0,-78.0479,20431.67,-201518,0,-135365,22549.63,-112815,7885.965,9968.956,0,0,0,17854.92,-94960.4
53,МЕГАБАНК,1,770812.5,0,0,0,107771,5294952,449613,56646.62,0,0,0,128.5857,0,180085.2,4786.059,17210.11,27583.44,734635.7,2130169,1561352,30297.29,1225841,4182.049,744.6892,362.9156,6300.037,7502.268,496231.7,0,500000,138.44,0,35860.72,125416.9,50554.41,636828.4,-447408,189420.5,138183.3,-12044.6,0,0,0,-146.413,19088.67,19943.31,0,0,0,-98100.8,-174.612,-579.368,0,1364.766,14945.2,-226595,0,45305.3,-9444.58,35860.72,480.5316,0,0,0,0,480.5316,36341.25
54,МЕТАБАНК,1,111071,0,0,41.9289,440.088,360477.8,37765.83,1271.471,37040.18,0,15353.99,1749.318,0,48195.71,1862.002,1135.415,1984.309,0.51747,122528.4,328373.3,0,0,0,253.6562,65.71977,9586.447,4006.046,23979.73,0,110216.4,1611.794,0,4484.161,7464.933,5818.046,87974.5,-58082.1,29892.36,31251.15,-953.403,0,0,121.7403,0,16002.08,-679.085,0,0,-441.81,-15800.9,-2421.45,0,0,0,2749.801,-55860.3,0,3860.244,0,3860.244,-19.3009,-565.12,0,0,0,-584.421,3275.823
55,МІБ (Міжнародний інвестиційний банк),1,1191417,0,20784.05,5904.83,92205.43,1697642,30982.12,0,90030.41,0,4080.58,0,1020.534,13703.26,7719.68,3699.385,58637.87,10009.89,1524785,1219640,0,0,3225.407,0,116.0642,116183.9,10114.57,194732.7,0,121423.5,0,0,15846.69,1748.902,0,239987.8,-131966,108022.3,67242.04,-7788.63,-7751.28,0,-29343.9,0,-3342.82,61786.93,0,0,0,-89606.2,-186.596,0,0,-81.18,15793.94,-94350.2,0,20394.41,-4699.07,15695.34,0,0,0,0,0,0,15695.34
56,МІСТО БАНК,1,178285.4,0,0,0,12655.15,1051194,370295,62819.52,0,0,17624.8,1277.447,9390.191,103911.5,38875.73,17388.92,18692.31,75504.68,378123.4,868698.2,0,0,0,10042.54,75.90313,19196.36,12086.37,181553.1,0,299980,1056.3,0,-68551.9,40910.02,63734.86,235655.8,-119940,115716.1,16220.98,-1699.09,0,0,170804.3,194.1798,304.3994,-212818,119.339,0,0,-18248.7,-5.62417,0,0,947.7959,3607.188,-56009.4,0,19133.27,-2265.76,16867.52,0,117.1331,0,0,-21.084,96.04915,16963.56
57,МОТОР-БАНК,1,208772.3,0,14296.12,0,15291.74,203518.3,3896.998,17130.9,0,0,57.04216,7819.274,194.623,32391.76,5685.307,7873.09,0,0,266606.1,113381.4,0,0,4519.286,0,5.90648,1880.214,1361.854,0,0,120000,0,0,6496.681,2641.439,34.58,48887.81,-22153.4,26734.39,18053.26,-13907,254.682,0,-14.9296,0,15410.85,779.0126,0,0,0,-15406,-62.988,457.5367,251.9882,2.44552,420.0151,-23751,0,9222.352,-4519.29,4703.066,34.58,0,0,0,0,34.58,4737.646
58,НЕОС БАНК (АЛЬТБАНК),1,59890.79,0,0,0,62174.18,33030.61,22318.34,11.555,0,0,33494.3,1391.84,7381.478,8568.207,454.9186,38017.69,245235.8,191277.1,162941.1,13440.69,0,0,0,2961.379,34.23435,625.6444,3584.29,0,0,126115.8,40.6982,0,-622840,627296.7,6491.658,224956.8,-94485.2,130471.6,13470.09,-1790.49,0,0,59323.67,0,38244.28,-44210.5,-64490.5,0,0,-265438,8440.143,0,0,-540.691,53279.7,-542591,0,-615832,17671.98,-598160,0,0,0,0,0,0,-598160
59,НК Банк (Народний капітал),1,16622.97,0,0,0,7228.871,243730.8,468.2714,0,0,0,0,0,36.82806,20183.58,346.3649,181.7039,0,0,90316.75,27384.12,0,0,200,0,0,1698.159,147.4906,40546.41,0,122055.6,0,0,2410.367,4040.491,0,52850.18,-20831.5,32018.67,3573.374,-564.455,0,0,516.6657,0,2617.855,91.29189,0,0,0,-25335.6,5.28946,0,0,95.88246,17.78283,-10270.5,0,2766.271,-683.291,2082.98,0,0,0,0,0,0,2082.98
60,НОВИЙ,1,494272.9,0,1779.873,0,17013.49,590368,4291.934,24984.95,0,0,11590.81,214.75,2792.962,5773.745,46069.97,28222.75,0,15769.87,795578.3,180778.5,0,0,0,0,15.99649,46102.99,2262.804,106337.2,0,150000,0,0,-71787.5,0,2318.023,50577.72,-52094.5,-1516.73,19097.78,-3055.33,0,0,-540.856,0,47973.61,-41136.4,0,0,0,-3001.51,-1.00503,0,0,-8.27133,6351.81,-30895.9,0,-6732.81,0,-6732.81,0,-0.52546,0,0,0,-0.52546,-6733.34
61,ОКСІ БАНК,1,183752.2,0,20812.81,0,33766.36,319172.4,45465.68,0,0,0,0,0,284.545,4134.577,402.058,2474.982,9225,125685,119612.3,240130.9,0,77.245,203.297,0,0,12.2937,1731.95,0,0,120000,0,0,6662.914,5374.731,0,55730.43,-30976.7,24753.71,7115.148,-1435.28,945.4463,0,-2692.61,0,1464.15,3714.65,0,0,0,-4376.15,-1.81475,0,0,0,1501.16,-28846.9,0,2141.541,-731.796,1409.745,0,0,0,0,0,0,1409.745
62,ОТП БАНК,1,1566925,0,0,0,1643523,9656847,6360729,261419.5,651655.4,161295.3,202928,5431.908,386115.4,364325.3,65881.88,178427.3,0,473334.7,6278701,7724438,7.07156,1552682,0,0,121948.7,791765.4,95069.97,3092740,0,2868191,2754.17,0,-1999097,512356.1,-9387.39,3369007,-1092371,2276636,506291.2,-170086,0,0,-2372.71,-17528.5,19885.36,349894.3,0,-1809.59,0,-2891542,-25262.1,-9555.96,0,44153.99,199261.6,-2445737,0,-2167772,168675.3,-1999097,-12573,0,0,0,3185.589,-9387.39,-2008484
63,ОЩАДБАНК,1,13698321,0,0,0,792635,66894381,2377457,39738941,0,24800,0,301984,80172,3772535,245358,164257.2,12910.63,26151208,18778059,36590124,26.36414,20815925,0,0,25732.14,1117348,219443.3,1656729,0,18302480,0,11598840,-8561390,269992.3,1139235,14681557,-8387280,6294277,1589980,-330217,0,0,87811.27,5913.17,-112855,-584323,0,0,0,-12000000,-121181,386007.1,0,-13368.1,219507.6,-3862501,0,-8596029,31582.89,-8564446,-527681,0,0,0,0,-527681,-9092127
65,ПЕРШИЙ ІНВЕСТИЦІЙНИЙ БАНК,1,125373.7,0,0,0,39938.07,785581,32462.14,53601.44,0,0,8433.035,736.0299,8924.714,44056.17,20115.16,20247.88,16089.16,43375.36,234406.4,579135.1,0,0,7.436,0,122.458,15829.92,5260.833,42757.36,0,230000,17924.44,0,-18186.2,4691.902,233.4528,136262,-94916,41346.01,33756.03,-6407.08,0,0,44701.37,3.05159,1789.949,-38591.9,-664.206,-2263.01,0,-10067.6,-159.248,73.06751,0,174.9642,2342.687,-85173.7,0,-19139.6,953.3999,-18186.2,-713.257,-247.074,0,0,209.8071,-750.524,-18936.7
66,ПІВДЕННИЙ,1,1170857,250829.4,0,0,529607.5,10269743,367734.9,252079.6,0,180401.1,0,18451.99,4378.766,715259.2,29926.8,26997.73,1007441,3912565,3005149,4185162,0,1072626,15000,26310.22,1903.305,257853.5,53561.62,437283.5,0,956894,335564,0,198379.6,133342.1,232114,1363763,-922629,441134.7,355937.5,-82234.9,0,0,0,-10707.4,-434939,453382.6,0,-652.573,0,-252787,-1835.21,-10654,0,2899.356,117456,-515691,0,61308.75,-16869,44439.78,14576.86,139942.4,0,0,-23292.7,131226.5,175666.3
67,ПІРЕУС МКБ,1,1344076,0,31290.9,0,66337.11,1224414,96488.41,85254.08,0,0,42360.89,5814.888,187992,112900.1,10820.8,10579.4,9750.084,1146594,339907.3,875431.8,0,7301.769,0,0,1166.757,7531.141,11365.46,310707.5,0,1627792,0,449482,-1616020,50284.78,16533.97,226944,-114129,112814.6,46549.93,-10565.2,1222.356,0,53312.47,0.8944,16906.5,-33580.8,0,0,0,-393961,-1201.6,0,0,-1113,110684.1,-224896,0,-323827,0,-323827,861.0536,0,0,0,-233.828,627.2256,-323200
68,ПОЛІКОМБАНК,1,42046.68,0,0,65.8792,12832.28,318909.3,4953.366,1209.622,0,0,13075.92,86.134,0,59187.73,669.4362,4015.607,0,29169.18,69073.39,187969.8,0,0,0,12588.19,0,930.3775,992.5998,11355.82,0,80300,0,0,2878.717,18957.53,42836.41,52244.15,-39415.9,12828.21,7964.109,-253.754,0,0,-347.867,-0.00084,4867.492,2042.937,4014.271,0,0,-6494.93,-169.879,0.15084,0,0,1780.495,-25941.9,0,289.3003,-17.768,271.5323,0,3448.498,0,0,-1596.55,1851.948,2123.48
69,Полтава-банк,1,141552,0,0,0,421.4935,811498.6,63294.9,28186.84,80028.22,0,0,0,20.65689,140716.2,5771.404,4868.677,53042.96,0,527337.8,462254.4,0,0,901.9497,17858.16,0,21718.07,1729.96,0,0,70500,60.31201,0,62936.26,83096.62,81008.45,163151.2,-105917,57234.57,60897.12,-5367.6,0,0,0,0,26674.27,3074.777,0,0,0,-19827.3,-87.9046,-3003.46,0,2.7475,1563.244,-78172.9,0,42987.59,-8687.71,34299.87,0,987.9079,0,0,0,987.9079,35287.78
70,ПОРТАЛ,1,4236.587,0,0,9.05236,25322.86,96610.17,15642.2,0,0,0,0,0,75.52201,4579.243,73.4949,221.7132,0,0,11638.03,8247.266,0,0,0,0,0,1166.873,677.1753,0,0,125000,0,0,41.49891,0,0,22898.03,-1842.98,21055.05,509.6965,-27.6083,0,0,9.05236,0,-48.9667,1792.084,0,0,0,-9540.95,5.1855,0,0,0,0.58324,-12580.4,0,1173.756,-3.01852,1170.737,0,0,0,0,0,0,1170.737
71,ПРАВЕКС-БАНК,1,925150.2,63420.56,0,2726.031,200,600071.7,2044025,500455,0,0,13558,1671.814,0,587217.6,28025.68,40470.41,107622.2,237502.7,1365371,2111108,1.05548,0,0,4375.762,2680.77,113046.8,50860.06,228589.2,0,949170,1521161,0,-1941970,1332.108,271385.7,366977.9,-315081,51896.86,181587.9,-47706,0,0,96.9686,2081.938,60697.6,-297978,222.3469,-6373.65,-736.979,277511.8,-745.666,155.8849,0,297.583,26757.94,-548019,0,-300252,6594.979,-293657,839.0084,30556.03,0,0,-5942.78,25452.26,-268205
72,ПРИВАТБАНК,1,27075551,758.7748,29.09,0,1220106,139000000,22126573,981142.2,141917,681040.8,10416.15,77416.02,8241.833,3028435,9275042,183658.9,562522.1,22761861,33628054,108000000,2015694,6096209,6644.547,229315,51280.62,2848240,1189433,5351598,0,18100740,19708.98,1000413,882083.4,1445109,1248305,29185014,-19000000,10347966,3912756,-1042671,3.881,0,0,191897.1,1289592,-2441422,1106.923,0,0,-2500751,-164392,-607505,0,-10831,253069.2,-8161357,0,1067462,-318426,749036.1,540838.7,196782.8,0,0,-111139,626482.7,1375519
73,ПРОКРЕДИТ БАНК,1,613601.1,1924.625,82486.36,0,0,2921334,555664.5,567.343,120000,0,12633.38,3031.869,1993.605,88184.61,29105.34,18130.48,27073.49,0,1335572,2101504,21049.74,182189.4,0,0,1360.58,249930.3,12143,159848.9,0,298333.2,777.8034,0,78663.19,34358.37,0,511434.6,-207009,304425.7,121119.1,-16256.9,39630,0,9250.089,0,72708.32,-46579.7,0,0,0,-78705.2,-4872,0,0,-361.251,11817.53,-314545,0,97630.26,-18967.1,78663.19,0,0,0,0,0,0,78663.19
74,ПРОМІНВЕСТБАНК,1,4057429,0,0,0,1639341,38417441,83237.32,3332142,0,121.975,843963.4,6077.089,422250.6,2761404,769292.7,283511.8,40011.18,27022065,6057676,7624943,0,200300,0,20063.55,325474.6,478874.2,323083.8,4528201,0,8212007,5300,4415429,-8358847,0,1801653,4883702,-3149595,1734107,638277.4,-43482.1,0,0,-463125,-3282.82,1437051,-757155,0,-35087.8,0,-4245955,-52238.5,0,0,-287682,272678.2,-1540188,0,-3346083,-109946,-3453846,-344035,-13957.6,0,0,61747.76,-296245,-3750091
75,ПтБ (Платінум банк),1,863248.6,23562.31,0,894.1711,65936.33,2277316,3677294,1173,0,0,69884.2,11921.33,7874.698,103502.2,11681.03,19527.55,0,562806,732088.7,4932568,0,253771.6,0,0,1022.401,118076.8,58077.04,219491.4,0,380567.2,0,119211.9,-280990,37124.81,0,1888544,-1023478,865065.9,41532,-23566.1,2.36529,0,1408.085,0,-95248.3,104083.5,126.4824,-237.242,0,-860777,-310.129,0,0,27.00839,372408.6,-682826,0,-278311,-2678.51,-280990,0,0,0,0,0,0,-280990
76,ПУМБ (Перший український міжнародний банк),1,4641624,0,0,351.1323,568624.7,22740951,3092867,1945597,0,295051,96151.31,35000.25,208299.3,1462446,89706.79,36883.73,225771.3,1662129,12137983,12378457,0,3272979,0,0,14645.43,581904.1,121139.5,492825.2,0,3294492,101659.6,0,-74463.8,688968.4,766605,4819728,-2481513,2338214,1165526,-343797,-160283,0,-292944,36999.35,51816.23,848517.3,11610.14,0,0,-2704283,-7563.26,0,0,-7016,143120.5,-1220734,0,-140816,195015.5,54199.52,22930.03,57990.18,0,0,0,80920.21,135119.7
77,ПФБ (Промислово-фінансовий банк),1,17065.92,0,0,0,1506.247,197379.2,13092.84,2,0,0,0,747.0813,0,9513.638,122.3526,1502.7,618.824,0,62604.29,37382.57,0,0,1156.588,138.2855,60,2743.691,908.4773,0,0,113208,609,0,8544.039,14195.9,0,40974.78,-6416.21,34558.57,5152.932,-3443.48,20.71534,0,0,0,3248.827,534.1126,0,-91.8347,0,-4682.54,9.35101,0,0,140,560.2407,-30352.6,0,5654.29,-1240.69,4413.605,0,0,0,0,0,0,4413.605
78,РАДАБАНК,1,131462.7,0,0,0,50434.63,232287,5254.026,0.25345,0,0,4454.295,0,195.289,14864.72,4577.548,1175.989,0,72000.61,104698,121333.5,0,0,566.377,0,289.1897,2698.961,2731.78,0,0,120000,0,0,2051.915,17719.63,616.5721,46905.14,-19111.2,27793.98,12254.52,-3720.39,0,0,-3.00376,431.387,4700.147,-1069.83,0,0,0,-6058.17,194.324,0,0,-248.373,1521.953,-34478.2,0,1318.307,-1208.06,110.2472,-434.814,0,0,0,0,-434.814,-324.567
79,Райффайзен Аваль,1,6843152,0,169234.9,0,15227.94,20947629,8757610,4682057,239414.7,206080.3,204761.1,215052.4,1122205,2505665,744196.3,156568.6,50576,5378288,14592924,14207484,0,0,2883.002,22652.51,41802.33,1422531,315207.1,4727360,0,3002775,3033306,0,-2321053,316915.6,2116355,6489971,-1664438,4825533,1978536,-348450,8704.068,0,953295.7,-4372.09,462299.5,-2343380,0,6142.239,0,-4487808,-37295.6,-18773.4,0,37508.34,330273.5,-3389267,0,-2027052,659718.2,-1367334,1173327,-70200.9,0,0,-4858.33,1098268,-269066
80,РЕГІОН-БАНК,1,41421.43,39.86953,0,0,3981.107,290850.2,22884.21,0,0,0,24751.43,0,109.8176,8478.564,5118.257,842.5847,0,6991.658,106094.6,139598.9,0,0,251.25,0,6.51954,3865.906,827.0524,51986.25,0,56481.28,11.70712,0,6580.886,18600.41,7181.059,55788.15,-32611.5,23176.67,10697.17,-416.738,11.755,0,-11.345,1241.666,4653.437,1029.793,-10,0,0,-9442.03,25.09322,0,0,1.43488,1027.177,-29226.3,0,2757.766,-738.76,2019.006,0,0,0,0,-0.9993,-0.9993,2018.007
81,РОЗРАХУНКОВИЙ ЦЕНТР,1,863486,0,0,0,14776.1,0,0,5,0,56265,0,1003.525,19.60702,97951.12,781.8041,459.3544,0,778117.3,65546.51,0,7255.494,0,0,0,0,498,2583.441,0,0,153100,0,0,26375.36,1271.464,0,79144.42,-36680.5,42463.92,1321.939,-106.714,1397.9,0,0,30.65825,-2928.48,3125.732,0,0,0,-25065.9,-391.948,0,0,0,11341.21,-26283.4,0,4904.905,-9.30898,4895.596,0,0,0,0,0,0,4895.596
82,СБЕРБАНК,1,2731801,0,0,0,0,36839740,852371.8,4980149,0,14417.9,4281.211,17418.51,53524.05,1053055,95805.59,97765.33,0,24234269,4287012,10647700,0,0,0,34549.54,2368.439,324317.9,149926.8,3156083,0,3392461,270558,0,-826471,797501.4,270054,5200683,-1861627,3339056,515135.8,-185144,0,0,0,-35054.1,657073.4,477780.2,217.4512,13417.9,0,-3294430,2012.944,-4099.29,0,65567.7,119269.2,-1572867,0,97936.61,10112.31,108048.9,96925.54,65759.92,0,0,-33416.6,129268.9,237317.8
83,СЕБ КОРПОРАТИВНИЙ БАНК,1,286964.5,0,0,0,0,1173940,1.84049,0,0,0,0,0,696.5398,7978.407,5069.336,818.3743,0,784717.4,216540.2,5914.411,0,0,1084.291,0,0,157414,2992.572,0,0,250000,0,0,55504.09,1301.784,0,88794.59,-8203.03,80591.56,9851.155,-561.883,0,0,-7754.18,0,13358.99,-5333.22,0,0,0,-70.917,-4.15749,0,0,0,15.45224,-51846.2,0,38246.63,-7476.44,30770.19,0,0,0,0,0,0,30770.19
84,СІТІБАНК,1,1594866,0,398764,0,22532,2464797,85242.35,5810066,0,0,0,115595.3,0,38892.06,7079.829,7338.756,0,150898.7,7206480,16759.52,0,0,0,9089.782,8578.872,1339089,14219.28,0,0,66500,253090.8,0,1379831,143557.2,-42921.3,593953.9,-70940.3,523013.6,60991.09,-19099.3,664155.8,0,-6051.35,5806.331,627678.5,64802.9,0,0,0,-33622.5,-5089.72,0,0,-6448.9,4199.45,-295516,0,1584820,-204989,1379831,1579.301,0,0,0,0,1579.301,1381410
85,СІЧ,1,89798.05,0,0,0,154727.3,436566.3,3886.577,40492.36,0,0,0,559.191,0,42788.81,975.4177,6285.025,0,133914,165605,309813.9,597.3369,0,1277.595,0,12.91681,4502.853,1072.473,31544.36,0,120000,0,0,6946.19,128.2687,664.13,75276.18,-46763.3,28512.92,13637.67,-1444.13,0,0,0,20.42237,-174.515,2538.542,0,0,0,-1664.75,-536.537,0,0,-2.91681,910.6742,-36010.7,0,5786.679,-1277.6,4509.084,0,0,0,0,0,0,4509.084
86,ТАСКОМБАНК,1,231000.4,0,0,0,23709.93,2050205,60721.04,327017.5,0,0,72688.95,5580.401,5780.303,43690.85,6597.976,4077.534,123301,153892.2,932069.6,1374036,13883.44,0,4400,0,0,76003.61,10513.71,55233.56,0,220000,11,79200,12636.7,4902.298,17588.19,413521.3,-260653,152868.4,34978.02,-11143.6,0,0,-271.262,387.0433,16011.59,35976.45,0,-1775.64,0,-88125.3,83.48686,0,0,3.2114,18898.64,-141170,0,16721.09,-4400,12321.09,-659.714,0,0,0,0,-659.714,11661.38
87,ТРАСТ,0,32836.71,0,0,0,0,238994.7,331371.3,0,0,0,39576,40.384,516.5803,47185.14,15263.71,3148.263,0,266498.1,11312.58,238464.2,0,0,0,1154.83,0,2481.402,516.6392,105897.1,0,69000,0,0,207.1716,950.7989,12449.96,41994.87,-65785.7,-23790.8,79809.78,-868.29,0,0,14516.47,0,932.2861,-19840.9,11067.21,0,3598.301,-16576.3,-163.919,0,0,110.0192,10274.78,-58749.7,0,318.9222,-111.751,207.1716,0,0,0,0,0,0,207.1716
88,ТРАСТ-КАПІТАЛ,1,17567.63,0,0,0,8413.906,254554.4,3333,6426.065,0,0,30703.74,242.363,0,339.6973,3986.534,36624.07,0,31982.51,81373.86,70718.91,0,0,0,5362.714,7.04766,21004.27,587.2636,58674.95,0,63367.5,0,0,-228.519,23117,6223.848,35789.8,-26743.6,9046.248,2743.33,-710.492,0,0,0,0,-30841,-3906.76,91.082,0,0,11768.92,-2.76066,0,0,22.38737,24145.04,-12766.7,0,-410.716,-34.25,-444.966,5.68353,0,0,0,0,5.68353,-439.282
89,УКРАЇНСЬКИЙ КАПІТАЛ,1,20814.71,0,57469.29,0,45094.91,150656.5,46278.69,18153.71,0,0,59499.62,18.241,2029.545,36347.85,2327.21,1252.846,6623.114,69802.33,93174.8,154501.4,0,0,0.819,0,0,4263.588,1480.924,5033.488,0,85320,0,0,23400.76,7940,1648.071,47633.75,-28001.7,19632.09,10977.08,-2131.38,640.1608,0,2866.888,0,18143.39,-9854.54,0,0,0,-16340.3,-19.2247,0,0,0,1665.41,-32492.6,0,-6912.96,1755.566,-5157.39,0,1823.611,0,0,-328.25,1495.361,-3662.03
90,Український банк реконструкції та розвитку,1,1824.205,0,0,0,16731.94,6377.448,0,0,21160.9,0,27925.68,248.2797,1239.694,29675.5,34.92327,1072.151,0,0,207.9271,0.22828,0,0,0,0,0,11.94471,800.3047,35204.06,0,117999.5,0,0,-51920.8,3987.497,0,8337.037,-1280.18,7056.861,92.30896,-25.4196,0,0,0,0,50.11579,571.9289,0,0,0,-10302.1,-86.1425,0,0,18.601,342.7682,-8794.67,0,-11075.7,0,-11075.7,0,0,0,0,0,0,-11075.7
91,УКРБУДІНВЕСТБАНК,1,87943.22,0,57098.16,3111.333,29.295,246070.3,53439.99,5009.961,0,0,6426.851,0,63.65466,9816.313,27.77456,1219.406,0,0,236258.4,100010.7,0,0,0,44.01457,1160.265,2596.394,2494.981,0,0,120004.6,0,0,5480.113,1751.225,455.451,61791.28,-34963.8,26827.53,16541.35,-4836.17,1705.498,0,8299.62,0,-472.985,-8326.98,0,0,0,-4962.26,0,0,0,-517.114,94.94833,-32135.6,0,2217.794,-657.963,1559.831,0,0,0,0,0,0,1559.831
92,УКРГАЗБАНК,1,1964776,0,806604.6,0,802564.5,8577221,1457637,5693343,0,0,12071,3173.706,124977.4,585461.1,49600.91,43916.23,906565.1,6568457,5507977,6860114,0.00451,66391.89,8525.275,89485.61,7022.902,279566.3,69865.35,0,0,9481561,135941.8,0,-8508455,226151.4,235307.9,2805330,-1727795,1077536,239025.2,-48205.2,390602.2,0,0,-86100.2,530569,643463.1,-4654.32,0,0,-3930565,-134991,-404206,0,-4836.63,49694.92,-1062940,0,-2745607,-55516.7,-2801124,30512.61,0,0,0,-7082.52,23430.09,-2777694
93,УКРЕКСІМБАНК,1,15116963,0,6882115,0,3264179,51714388,379187,40807758,820865.6,0,1986087,773860.2,1048179,2262991,572553.2,370700.9,0,10524441,38255796,21870001,0,32956190,110000,48032.42,49831.83,2405573,157192.8,6086549,0,16689042,0,5000000,-9644125,162926.1,1328379,12043145,-7414549,4628596,757007.7,-168253,3340677,0,605.4011,13944.27,605204.3,672025.2,-1713229,-53277.4,0,-17000000,-182434,65334.18,18235.71,-30402.8,91030.85,-1810304,0,-11000000,943644.4,-9805548,209762.5,171382.8,0,0,-34583.4,346561.9,-9458987
94,УКРСИББАНК,1,6006573,0,0,228.0522,49765.06,7473681,7431097,2466811,0,346658.2,70529.21,825.6025,1127401,1074903,227793.7,58720.73,1789.669,160544.7,8451031,8973333,2280.462,14405.64,0,0,57618.31,1767649,126256.9,5003068,0,1774333,811259.8,0,-870000,57985.49,7009.357,2719384,-1035749,1683635,927212.4,-177653,0,0,127972.3,333.2093,305401.2,-71484.2,0,0,0,-1713656,-80957.6,5327.973,0,-18352.7,196263.3,-2052883,0,-868842,-1296.32,-870138,450.5674,-137.479,0,0,0,313.0889,-869825
95,УКРСОЦБАНК,1,1562193,1558210,0,1247176,7884.278,17541466,14949032,1611441,1952573,7030.71,1434222,81150.66,664931.9,3727318,286695.4,1627001,0,15822278,10193978,12306848,64108.2,605476,0,0,45840.63,1195640,195610.8,1589919,0,2468023,1655073,0,-2413482,2332221,2196793,3526442,-2251810,1274632,879488.8,-234644,7817.288,0,1397204,10043.73,212428.9,-1826419,0,0,0,-2811596,-66911.1,-666.546,0,-12809.7,447588.2,-2623850,0,-3347692,685445.2,-2662247,-21045.1,303825.6,0,0,-47379.3,235401.2,-2426846
96,УНІВЕРСАЛ БАНК,1,480002.5,0,349906.5,0,0,2169291,1971062,670869.7,5366.054,0,67161.27,571.3869,301545.1,157715.9,1124.759,83485.97,0,2142266,965652.6,2007701,0,1397.359,498.3352,0,704.1519,200168,36658.21,314682.7,0,1162672,887485.3,500780.4,-1967616,0,5052.035,670401.7,-377777,292624.5,53088.82,-13628.9,-16896.6,0,99564.7,408.6852,55386.47,-166835,0,0,0,-334497,-1075.01,11,0,-3165.78,15801.25,-444244,0,-463456,-4480.1,-467937,9326.632,0,0,0,0,9326.632,-458610
97,ФАМІЛЬНИЙ,1,69354.91,0,0,0,26586.72,14624.78,38504.73,3198.327,34700.44,0,2998.268,10.99241,0.55089,27835.9,10465.78,382.6951,0,7930.68,26402.34,6488.121,0,0,0,0,0,13172.88,164.4012,90013.74,0,66600.05,0,0,17.51459,3574.878,14299.49,12445.2,-6607.1,5838.105,12218.35,-9336.27,0,0,0,0,78.08676,3318.98,0,0,0,-1836.02,-56.876,0,0,0,3278.915,-13473.7,0,29.5657,-12.0511,17.51459,0,0,0,0,0,0,17.51459
98,ФІНАНСОВИЙ ПАРТНЕР,1,45602.53,0,0,0,13.19806,47388.06,23878.76,425445.6,0,0,18838.2,453.61,30.61711,25596.18,8003.326,357.3123,0,17312.37,409692.5,30388.71,0,0,0,0,5.47093,14.67637,334.8058,0,0,125000,0,0,4584.36,480.3615,7794.078,37808.5,-20105.3,17703.2,4514.816,-2759.93,0,0,12902.54,5923.891,-41445.1,22646.93,0,0,0,10157.92,0.23053,0,0,-4.71978,1081.018,-25887.4,0,4833.448,-249.088,4584.36,7974.63,0,0,0,0,7974.63,12558.99
99,ФІНБАНК,1,33208.56,22598.3,0,15.57417,0,1392382,4429.78,5822.768,0,0,3860.283,74.72,0,331541,1787.325,3331.054,0,723875.5,396897.9,188464.1,0,0,0,0,0,9070.267,1680.386,280433.7,0,185050,43.584,0,-38054.6,13826.38,37764.05,374104.2,-328751,45352.96,42282.12,-14432.5,0,0,97726.41,0,-148464,46790.23,0,0,0,-9769.12,-341.647,-81.1859,0,-785.348,9258.129,-100218,0,-32681.5,-26.925,-32708.4,628.6433,0,0,0,-113.156,515.4875,-32192.9
100,ФІНЕКСБАНК,0,195522.7,0,0,0,0,69474.3,869.0092,0,0,0,0,78.482,416.4053,7108.879,2281.312,1155.709,5211.083,0,125625.2,20149.6,0,0,0,0,77.11598,1892.079,1359.566,11483.67,0,122474,0,0,-943.301,0,0,23913.3,-5709.98,18203.32,3117.611,-486.465,0,1533.961,0,0,-10993,14552.33,0,0,0,262.9194,-14.918,0,0,-77.116,479.4268,-25983.8,0,594.3054,-17.6008,576.7046,0,0,0,0,0,0,576.7046
101,ФОРВАРД,1,409621.6,0,0,0,0,386132.3,1278460,8.98482,0,0,0,14274.17,6073.935,126716.5,50783.01,32968.76,0,651862.2,107026.6,916923.2,133.0879,0,0,0,0,23880.19,16469.31,296697.5,0,283000,0,0,6291.229,2756.355,0,1061878,-355818,706060,164787.6,-13460.7,0,0,335803.4,0,-286588,-161043,0,0,0,-885781,-26970.3,0,0,0,658601.6,-468231,0,23178.74,-12775.6,10403.16,0,0,0,0,0,0,10403.16
102,ФОРТУНА-БАНК,1,44834.04,20957.26,0,0,38368.25,3041214,4149.825,60,0,0,0,105.6752,259.1801,167833.7,372.6231,734.0418,1077.55,554568.6,911609.1,1096209,0,0,0,0,215.44,147119.3,6923.304,125137.9,0,265000,0,0,4956.84,49484.23,158743,539831.2,-356816,183014.9,9092.987,-4098.4,0,0,0,0,-625.573,-21611.7,0,0,0,-53821.1,-1590.64,0,0,-202.243,2778.832,-106526,0,6410.952,-1454.11,4956.84,0,0,0,0,0,0,4956.84
103,ЦЕНТР,1,29264.18,0,0,0,9921.699,112393.1,5130.005,1002.049,0,0,0,1356.322,6.895,1662.348,4.24309,761.3728,13285.8,9920.614,19975.79,13265.25,0,0,0,0,0,76.1868,1241.514,0,0,120000,0,0,4421.878,5887.027,-0.2552,25822.36,-1702.19,24120.17,1336.104,-107.186,0,0,-6.43823,0,807.8169,1885.96,0,0,0,-11490.7,0,0,0,3.3453,239.1106,-16109.4,0,678.8697,-230.201,448.6687,0,0,0,0,0,0,448.6687
104,ЮНЕКС БАНК,1,229425.8,0,50157.37,0,37224.4,1228738,46229.56,10079.1,0,0,0,1449.878,476.147,35413.07,1352.619,5144.304,3266.086,32069.99,632405.6,610405.5,0,25595.44,0,0,0,2972.984,6410.137,0,0,292000,4160.86,0,8716.457,1376.582,32842.51,240014.7,-197053,42961.63,15958.24,-5188.95,452.6836,0,-1271.38,15.79431,30952.73,-541.883,0,0,0,-5232.41,-3.50752,0,0,0,4757.996,-86604.4,0,-3743.48,-1301.77,-5045.25,292.8115,0,0,0,-23.5772,269.2343,-4776.01
106,РОДОВІД БАНК,0,187615,0,81520.06,0,14355,13888.15,26996.5,320455.2,0,0,3970547,0,14744.59,464172.5,3260585,19403.38,157099.9,4930762,69620.93,6695.205,0,124060.6,0,0,6141.443,57783.93,4847.836,0,0,12359299,535524,0,-10000000,573038.3,90524.1,99982.95,-221877,-121894,8660.265,-944.393,0,0,0,-452.019,1175.409,1299700,0,0,0,-1421442,20776.8,-76.8912,0,-3028.38,22671.69,-72445.3,0,-267299,497.1204,-266802,-24518.7,0,0,0,4439.189,-20079.5,-286882
107,СМАРТБАНК,0,2266.9,422.0206,0,0,0,311721.7,61.27804,0,0,0,0,0,22.242,4048.694,126.6593,374.0059,0,20,14269.94,54.97684,0,0,871.3814,0,0,46.9052,224.151,0,0,300000,0,0,89.92921,3466.254,0,77055.19,-2435.37,74619.82,4118.959,-791.258,7629.849,0,0,-2593.65,-13855.8,4826.243,0,0,0,-12281.3,-133.263,0,0,5398.776,5371.265,-70843.7,0,1465.913,-1375.98,89.92921,0,0,0,0,0,0,89.92921
108,ФІДОБАНК,0,760006.2,0,711977.2,374277,112852.9,4177893,1357972,2537625,0,17998.2,17628.5,0,44621.99,722938.5,47709.76,18802.5,327056,1229807,4147378,2350709,0,389504.7,0,0,11848.15,313304.8,32396.26,217709.8,0,2316189,1390002,0,-1513356,9699.569,334167.2,820367.9,-709552,110815.6,200654.9,-24610.1,65927.1,0,23255.23,-378324,-259357,91745.38,-1027.4,0,0,-899042,1960.849,-0.35504,0,-11787.4,1785916,-705603,0,524.1626,0,524.1626,17781.02,-4624.84,0,0,0,13156.18,13680.34
109,ФІНАНСОВА ІНІЦІАТИВА,0,341262.2,0,2221463,0,38246.23,14433851,2766.838,60,0,0,0,1219.06,357.127,21126.46,473579.9,4590.976,0,9360098,919915.7,4532813,10101.51,0,0,0,0,120073,21809.01,0,0,2000000,0,600000,-86394.5,60107.54,0,3404632,-2017932,1386700,48268.06,-15874.9,9981.23,0,-76506,0,-590525,-86535.7,0,0,0,853071.6,-370.823,0,0,0,12706.77,-1626349,0,-85433.3,-961.181,-86394.5,0,0,0,0,0,0,-86394.5
110,ЮНІСОН,0,70850.82,0,0,0,57422.33,341082.1,32301.67,115089.8,0,0,0,0,762.31,95835.64,446.929,5161.286,0,0,152523.4,105676.5,0,82.91422,995.4379,1233.933,3165.633,30427.23,3682.456,78842.84,0,335145.5,0,0,4616.408,271.8988,2288.714,80974.74,-33127,47847.73,26392.63,-1022.04,0,0,25077.93,-450.972,17421.94,67393.93,0,452.9267,333.8238,-40953.7,-1363.36,0,0,-2856.62,9093.259,-141113,0,6254.246,-1637.84,4616.408,3186.785,0,0,0,-541.968,2644.817,7261.226
130,ІНВЕСТИЦІЙНО-ТРАСТОВИЙ БАНК,0,1970.699,0,0,0,0,189549.5,0,0,0,0,0,0,5.19024,184.6953,0.09,52.38048,0,0,61232.46,0,0,0,10.68836,0,420,112.5,32.82939,0,0,129000,0,0,954.085,0,0,15447.58,-6697.67,8749.91,284.7145,-66.1614,0,0,0,948.9991,0,0,0,0,0,-969.512,-0.2,0,0,-420,0,-5954.64,0,2573.106,-5.49812,2567.607,0,0,0,0,0,0,2567.607
174,ФІНАНС БАНК,0,7167.097,0,0,0,78957.38,127986.5,1697.978,7468.947,0,0,19323.18,355.571,30.82308,18586.42,24.6046,713.5136,0,40151.15,15586.63,2467.409,0,0,1098.288,26.20815,10.5,27.77253,381.1848,0,0,176000,5764.93,0,445.127,19983.38,369.4162,28778.08,-4319.49,24458.6,1168.675,-50.9935,822.4088,0,-68.6592,1219.401,168.6648,922.6805,0,0,0,-10119.6,26.50806,0,0,552.8229,2465.951,-19980.3,0,1586.187,-1141.06,445.127,652.0269,541.2252,0,0,-26.2082,1167.044,1612.171
3987,НАДРА,0,437954.4,27881.87,0,0,472618.8,13723386,17373322,905.003,0,0,305465.5,281.905,0,1500089,1330033,262709.5,443296,13251179,5394859,5606935,426.4497,3555784,0,16787.82,80.90897,2355203,63017.81,2248161,0,3890363,638909.6,394213.9,-1726864,319.7021,188567.4,2315396,-2790474,-475078,298778.4,-76123.6,-423187,0,0,-8897.54,-196708,4494639,0,0,0,-3152676,-15916.5,0,0,3778.706,116884.5,-1460199,0,-894705,-146299,-1041004,0,0,0,0,0,0,-1041004
3988,НАЦІОНАЛЬНИЙ КРЕДИТ,0,206832.8,0,41486.9,631.8168,476861.9,1376477,185893.7,0,0,0,0,154.908,984.9831,102660.6,61952.39,45753.84,0,87133.13,959079.9,1062082,0,19360.06,0,0,716.4512,46603.51,7975.507,126000,0,208310.8,54132.07,0,-111016,39313.65,0,282272.5,-264386,17886.38,222237.3,-10602,-1170.46,0,-16238.5,0,12699.84,31665,0,0,0,-23495.7,1477.342,0,0,2105.989,24389.8,-258130,0,2824.838,-1610.6,1214.234,0,0,0,0,0,0,1214.234
3989,НАЦІОНАЛЬНІ ІНВЕСТИЦІЇ,0,395595.2,0,0,0,472594.6,3157378,586083.8,83286.82,87327.09,0,0,441.105,27.562,3631.101,148.8973,823.912,0,569196.8,1819840,1823267,2.74998,0,0,0,1099.178,55198.38,10072.43,202166.6,0,161000,0,80000,3062.421,62952.62,-519.777,529792,-457264,72528.43,87818.01,-1546.92,0,0,78657.48,40.04832,30120.61,-103530,0,0,0,-71903,0,-10.8005,-1012.19,-978.397,353.8245,-85208.2,0,5328.901,-2266.48,3062.421,0,0,0,0,0,0,3062.421
3990,ОМЕГА БАНК,0,459862.9,0,0,0,0,0,0,1,0,0,31353.46,3223.614,260931.3,622.7948,101.5074,1220.931,10928.08,157560.4,6428.888,1694.049,0,0,0,0,62.87051,1054.731,1295.49,525151.2,0,5750928,0,0,-5675994,0,63.88084,1.1704,-28133.8,-28132.6,731.2325,-79.862,0,0,0,30.85,-15.9515,-26814.2,5145.989,0,0,34587.63,237.7829,1,0,0,6182.695,-24395.8,0,-32521.2,0,-32521.2,0,0,0,0,0,0,-32521.2
3991,ПЕТРОКОММЕРЦ-УКРАЇНА,0,96887.88,0,0,0,17875.3,658354.7,15055.69,274270,0,0,12945,771.9035,39.70326,4232.46,6186.8,1025.845,29471.34,207198.1,168489.9,369661.5,0,0,0,0,0,18390.42,6751.029,165569.8,0,319474.5,124.4496,0,-188359,42957.97,6858.134,108221.6,-66379.6,41841.99,28184.01,-4115.66,0,0,-6004.64,-181.692,-90169,110597,0,0,0,-6013.92,-1558.26,0,0,0,29016.62,-73383.3,0,28213.11,-863.202,27349.91,6683.74,0,0,0,-1337.46,5346.279,32696.19
3993,ПОРТО-ФРАНКО,0,4132.124,0,0,0,0.51747,305525.1,24528.87,0,0,0,16892.59,337.557,58.532,46121.4,36483,322.4138,1686.408,37768.44,65120.17,442398.9,0,261998.4,0,0,5.50452,27501.11,6993.58,29807.78,0,120053.6,0,0,-563801,8157.983,84.13294,96991.81,-72228.1,24763.73,5896.017,-1434.24,0,0,0,-1363.26,9103.015,46407.31,0,0,0,-646014,-20.2586,0,0,100.8151,29636.98,-32015.6,0,-564940,-84.384,-565024,0,0,0,0,0,0,-565024
3995,ПРЕМІУМ,0,384316.3,0,0,501.7063,84618.62,957341.8,23529.22,0,0,0,0,321.808,483.4308,32312.05,37531.35,611.3523,0,110634.3,328071.5,522416.4,0,0,518.524,0,4558.652,286201.3,2846.447,0,0,260000,0,0,-1703.4,8023.972,0,153011.5,-69160.3,83851.16,55511.68,-6545.15,0,0,-7711.33,0,-33063.8,36562.31,0,0,0,-91367.9,-170.76,0,0,-3928.96,2046.559,-31774,0,3409.849,-1586.84,1823.01,0,0,0,0,0,0,1823.01
3997,ПРОФІН БАНК (Банк професійного інвестування),0,83805.6,0,0,2077.197,3153.449,295780.6,22856.14,0,0,0,2383.2,1009.768,664.4527,82167.23,3139.444,29718.73,962.4,3133.894,186205,204735.4,0,23.61164,0,0,0,1271.727,2010.225,0,0,121442.1,5535.066,0,-16894,13361.36,6893.869,80135.16,-51225.6,28909.52,10886.03,-1170.31,0,0,5324.108,0,1244.889,-5514.95,0,0,0,-4433.73,-7.34973,0,0,31.12395,3197.295,-35273.5,0,3193.176,-1.28,3191.896,0,0,0,0,-4.03732,-4.03732,3187.859
3998,РАДИКАЛ БАНК,0,342818.4,0,143.17,1960.2,999.0957,765925.3,351274.1,0,0,0,60924.66,319.27,0,14896.38,1195.874,2888.491,0,0,823584.9,417611.9,0,83597.1,0,1967.599,2025.063,18269.02,3708.111,23676.71,0,120000,0,0,47723.16,1181.403,0,165226.5,-109358,55868.15,35405.19,-7908.64,-24510.1,0,-25352,47.16951,68783.59,-8279.71,49467.64,0,0,-19491.5,188.8041,0,0,-627.328,2193.571,-100726,0,25058.84,217.669,25276.51,1959.026,0,0,0,217.669,2176.695,27453.21
4000,СОФІЙСЬКИЙ,0,138118.1,0,0,0,50322.11,599741.7,1047.442,0,0,0,0,0,0,31063.73,4188.762,1037.403,0,41896.63,296660.3,286498.7,0,0,60.00184,0,159.0007,17568.01,1231.435,60510.06,0,120000,0,0,441.0769,494.0468,0,87299.28,-60620.5,26678.81,16773.38,-1057.39,0,0,0,0,-9950.11,1468.888,0,0,0,-8778.96,2.596,0,0,-147.72,14.05576,-24449,0,554.5948,-113.518,441.0769,0,0,0,0,0,0,441.0769
4001,СОЮЗ,0,159316.8,0,29003.25,0,4939.046,1672826,14592.9,104329.9,0,0,0,3012.879,11.91472,5998.64,7702.627,1419.614,0,254077.6,924254.8,249123.2,368.182,0,0,974.0645,2658.985,462.3004,683.6007,221915.2,0,336000,0,0,1547.1,10572.22,516.5508,391118.1,-267423,123695,24606.45,-6606.59,4500.125,0,-54155.4,418.2744,51295.8,-8078.04,0,0,0,21550.62,-6.40444,0,0,14601.75,267190.2,-433888,0,5124.037,-3576.94,1547.1,180.5006,0,0,0,-32.4901,148.0105,1695.111
4003,СТАНДАРТ,0,307793.9,0,0,0,37778.17,794136.8,16477.46,0,0,0,0,0.00044,928.9074,10761.95,11251.98,1442.655,0,264358.2,197650.7,504960.7,0,145.5288,1178.803,0,187.7462,7274.34,6372.889,72212.97,0,125000,0,0,1049.628,180.3589,0,135075.4,-90356.8,44718.67,82715.75,-3888.23,0,0,22543.02,234.8635,9724.719,-53422.6,0,0,0,-21274.2,-803.506,0,0,124.7538,843.6647,-78409.8,0,3107.186,-2057.56,1049.628,-143.206,0,0,0,25.77109,-117.435,932.193
4005,СТОЛИЧНИЙ,0,20170.47,0,0,0,0,492091.9,36617.99,2.0382,0,0,0,474.9175,27.47422,10708.63,18.70636,469.9304,0,145991.1,133850,121768.6,0,0,440,0,0,683.9378,1729.086,0,0,151335,91.2874,0,626.4947,4061.763,4.71632,98720.6,-68484.9,30235.73,5597.139,-1317.57,0,0,0,0,3249.077,-2660.61,0,0,0,-14346.7,-45.4047,0,0,0,37.47886,-19608,0,1141.183,-514.689,626.4947,0,0,0,0,0,0,626.4947
4007,ТК КРЕДИТ,0,1074247,0,0,0,0,688504.1,14081.23,31618.3,0,0,25001.2,595.3343,361.18,6235.638,13.97813,5844.08,735.6891,0,1631165,38232.31,0,0,367.854,0,0,356.5312,1884.052,3499.987,0,151828.8,5.4308,0,1092.766,18749.57,56.006,122305.2,-82187.7,40117.45,5271.149,-4955.56,0,0,127114.8,0,16798.44,-163712,1657.525,0,0,10001.18,-214.556,0,0,40.15383,91.9133,-29687.7,0,2523.21,-565.066,1958.144,20,0,0,0,-3.6,16.4,1974.544
4008,УКООПСПІЛКА,0,11609.77,0,201094.3,0,0,83833.18,4695.011,0.043,0,0,0,56.1161,587.5091,20807.28,210581.8,191.2809,0,5000,71278.37,65765.57,0,0,0,274.003,0,3090.518,662.0083,0,0,321723.7,0.37087,0,137.763,47313.34,18210.71,31510.86,-20615.4,10895.41,1848.457,-414.151,48956.38,0,-421.461,0,372.2794,2556.796,0,0,0,-45150.4,-40.3749,0,0,34.72801,57.44676,-17781.8,0,913.3874,-775.624,137.763,0,0,0,0,0,0,137.763
4009,УКРБІЗНЕСБАНК,0,19437.1,0,0,0,0,1623825,198722.3,454165.2,0,0,0,9389.803,209.5849,76935.95,4174.782,3343.074,567.922,338805.6,1040202,469072.6,0,2377.714,3118.734,2697.138,1832.391,4191.919,1688.571,316164.8,0,284160,11436.43,0,-262784,124200.3,53606.29,559013.6,-290879,268134.4,48457.13,-7578.07,0,0,22549.74,10026.62,26913.66,-6198.08,0,0,0,-482520,421.5872,0,-2262.17,2925.509,11431.02,-152373,0,-260072,-3735.99,-263808,12238.4,0,0,0,-2257.67,9980.731,-253827
4010,УКРГАЗПРОМБАНК,0,421244.5,0,78694.79,0,9568.481,614000.2,74608.1,102.6851,770.4843,0,111338.7,505.137,0,21883.05,3264.593,1443.474,31625.4,465536.6,134951.4,501953.2,306.2193,35590.25,0,510.9556,0,14168.48,4262.77,55017.97,0,124200,0,0,4326.32,19256.31,8969.091,101379,-98514.4,2864.569,22912.61,-2359.43,12537.87,0,-3873.3,0,-1376.14,9357.527,32319.92,-345.505,0,-17376.7,64.32006,0,0,0,3451.209,-57595.5,0,581.4409,-1172.38,-590.941,0,0,0,0,0,0,-590.941
4011,УКРІНБАНК,0,194355.9,0,0,0,155491.8,5246060,197793.8,528382.3,0,0,233944.4,45.827,4106.45,227008.8,69959.56,27415.24,164421,133518.7,2572604,3132273,0,78175.76,0,0,650.6959,73166.93,9843.321,263971,0,405000,11.77563,100000,21704.67,34181.64,223883.4,922083.2,-782800,139283.1,109041.8,-24503.4,0,0,0,-32732.8,36905.74,99352.53,31217.78,0,0,-143273,-22737.8,0,0,-458.329,10839.13,-193959,0,8976.656,-787.7,8188.956,0,-2470.58,0,0,0,-2470.58,5718.377
4013,УНІКОМБАНК,0,5342.381,0,0,0,0,1057813,2144.015,1373.589,0,0,0,0,0,5220.865,398505.5,1025.82,0,1471.096,973889.3,7890.508,0,0,31.82086,0,0,3506.057,561.6417,0,0,460564.4,0,0,19527.8,3982.426,0,92342.04,-77888.1,14453.97,9755.873,-358.895,0,0,0,0,8226.719,378.6558,0,0,0,10211.62,-30034.5,0,0,0,2.77295,-10317.9,0,2318.28,-663.416,1654.864,0,0,0,0,0,0,1654.864
4014,УПБ (Український професійний банк),0,631796,0,0,0,30855.5,2600966,53619.13,281045.2,0,0,101581.9,25509.04,0,24752.45,183915.4,49304.65,64427.42,1060256,795626.9,1491026,2025.687,9043.401,0,1520.292,318.8157,44675.55,11961.16,0,0,500000,9539.782,0,1320.589,114921.4,5537.571,454586,-384397,70189.18,21799.12,-4864.53,0,0,231455.1,727.0808,10135.46,-247358,50099.73,0,0,-23219.2,-399.306,2029.536,0,80.91253,12290.22,-121802,0,1163.448,157.1406,1320.589,5370.045,0,0,0,0,5370.045,6690.633
4016,ФІНАНСИ ТА КРЕДИТ,0,2336167,0,772413.9,0,9572.099,25468911,4395514,7314.084,462642.3,0,255123.2,1940.896,36852.41,123954.6,287261.5,35730.99,9572.87,6615357,6792656,15248266,0,258057.8,0,10021.99,6817.487,571576.7,72719.17,1978448,0,2800000,0,262910,-459516,0,45656.53,3318733,-3307758,10974.7,755104.3,-76522.5,36515.42,0,0,-20992.2,425202.8,150376.8,33063.87,0,0,-280232,-386.222,-218.728,-79.7158,-3010.94,58050.41,-1301969,0,-214123,-1551.45,-215674,-3.4558,8131.526,0,0,64.42699,8192.497,-207481
4019,ХРЕЩАТИК,0,1367199,0,0,717219.2,5053.888,3752563,257766,2317600,0,0,122026.6,7705.982,61367.66,146039.8,12574.64,30033.18,247197.6,1142894,2786650,3917115,0,18917.41,0,0,501.3628,69828.68,34619.84,513332.5,0,828828,0,0,-342598,52055.4,22202.3,818223.2,-894094,-75870.8,148358.1,-60107,0,0,579561.5,83401.15,158493,-484097,0,0,-2749.07,-66752.8,27.14858,0,0,-112.024,17008.92,-455253,0,-158092,16948.17,-141144,-5888.9,-110.782,0,0,0,-5999.68,-147143
4020,ЮСБ БАНК (Юніон Стандард Банк),0,152625.3,0,0,9861.255,48418.78,524808.4,46316,0,0,0,0,148.0629,3.78061,12764.91,129162.7,2302.643,0,73778.7,263009.9,232277.1,0,0,0,0,26664.89,9742.097,4935.092,0,0,247526.3,7000,0,34268.64,27209.19,0,149448.4,-43565.8,105882.6,9339.438,-1395.43,0,0,0,0,27188.37,-22130.2,0,-2409.91,0,30934.34,175.1536,0,-44030.7,-22569.4,1598.571,-48101.2,0,34481.69,0,34481.69,0,0,0,0,0,0,34481.69
4548,АВАНТ-БАНК,0,610765.6,25513.74,0,14057.29,287422.9,1255308,30373.62,284610.1,0,0,0,0.09138,896.525,249321.7,379553.5,29927.84,0,272623.9,1006176,1290285,14427,75000,490.775,0,170.3293,7222.682,7486.267,171939.9,0,321398.4,0,0,510.0012,1159.421,-1138.91,270905.7,-219559,51346.98,80705.11,-4004.41,0,0,6486.881,-1051.63,-220805,204341.1,0,0,0,-4510.48,-1744.93,0,0,-65.6632,7629.341,-115801,0,2525.828,-2015.83,510.0012,-1138.91,0,0,0,0,-1138.91,-628.909
4550,АКСІОМА,0,22582.43,0,7224.56,0,0,141079.7,1121.11,0,0,0,0,84.61432,0,2403.326,3328.507,196.4195,0,10000.55,34186.99,121586.7,0,10035.09,0,548.603,273.9787,1353.41,725.5916,0,0,316000,0,0,-326623,9932.501,0,121557.4,-40633.2,80924.17,29498.99,-5915.84,342.216,0,12641.51,0,4171.6,-6478.93,0,0,0,-423948,-1524.41,0,0,230.9,2235.643,-18203.7,0,-326026,-596.708,-326623,0,0,0,0,0,0,-326623
4553,БГ БАНК,0,5935.47,13367.89,93113.45,16664.32,11473.99,748213.9,6415.04,67481.99,0,0,153843.7,1928.557,497.1066,158292,4586.327,15249.61,3846.307,135911.4,575604.7,651743.2,0,0,342.624,2906.123,4569.29,13879.31,4118.615,230061.6,0,265000,0,0,-659462,16914.27,59320.68,206412.8,-128938,77474.69,8648.491,-4229.71,0,0,138971.6,-67905.1,-17894.5,-188501,10427.84,0,0,-571679,-3387.84,0,0,-4260.97,33801.56,-71374.6,0,-659909,446.5423,-659462,45.67001,44155.87,0,0,0,44201.54,-615261
4555,ВБР (Всеукраїнський банк розвитку),0,685884.3,0,1840724,0,24369.09,2451841,487229.1,0,0,0,0,14992.1,0,104830,1000.094,24439.5,0,0,2672558,2024646,0,0,0,0,99.94295,19570.75,26765.92,157685.6,0,722000,0,0,6013.15,5968.651,0,755374.6,-309905,445469.1,25952.46,-12582.1,23541.06,0,79207.24,0,45735.9,-92922.3,0,0,0,-294749,-1433.26,0,0,-53.8364,8249.618,-297588,0,-71172.9,-1585.34,-72758.2,0,0,0,0,0,0,-72758.2
4556,ВЕЛЕС,0,55226.43,0,0,0,29981.36,165211.8,78.75592,4157.682,0,0,881.5025,0,0,2996.88,13.90088,2648.228,0,30049.32,39613.91,6340.036,0,0,102.102,579.5828,22157.61,32835.33,27.6702,7149.973,0,105000,5247,0,350.9129,8688.294,3054.836,22188.8,861.9601,23050.76,13720.31,-10923.8,0,0,0,0,-251.132,-382.524,0,0,0,5836.402,-3.62235,-1791.24,0,-22028.8,216.0657,-6547.01,0,895.347,-544.434,350.9129,0,0,0,0,0,0,350.9129
4557,ВіЕйБі Банк (Всеукраїнський акціонерний банк),0,157738.8,0,2758144,60848.49,14094.68,6439702,508867,4542.43,0,78490.33,360699.9,131.1318,318480.1,189339.5,428349.4,84651.3,22111.14,5270406,499162.3,10480621,0,1448562,0,650.7837,0,31262.23,87398.61,740776.7,0,3048619,430119.4,1000000,-12000000,16221.56,85358.2,3222824,-2791735,431089.8,113273.8,-52896.4,-34209.5,0,-120352,0,66945.28,-1614373,0,0,0,-8073821,-330933,0,0,0,52971.73,-483030,0,-10000000,-10032.9,-10000000,0,20851.45,0,0,0,20851.45,-10000000
4558,ГРІН БАНК,0,100091.7,0,0,0,718.555,105504.5,873.9236,0,0,0,0,674.0219,0,11550.78,3684.884,1916.678,0,0,101874.6,27633.01,0,0,0,0,14998.03,714.5521,1890.589,40369.6,0,76650,6.88495,0,-51212.5,12090.21,0,51179.48,-6237.23,44942.26,26813.73,-9810.92,0,0,0,0,3691.816,2114.203,0,0,0,-91061.8,-14592.5,0,0,24601.97,107.2062,-38272.3,0,-51466.2,-637.225,-52103.5,0,0,0,0,0,0,-52103.5
4559,ДЕЛЬТА БАНК,0,7882761,0,0,7459.385,535642.5,23065037,21719717,3117906,0,0,2091988,12858.16,5568.286,554164.9,691671.1,29007.09,589499.1,14292899,11653033,23974820,1073298,0,0,0,72.12773,441665.6,280169,3837609,0,3727000,0,0,46277.81,975715.5,720.3436,6388372,-7341260,-952888,3354980,-137435,0,0,753634.7,-287358,-1487095,1281383,20410.46,0,0,-1614615,-8294.82,0,0,-528353,1981456,-2326389,0,49434.5,-3156.69,46277.81,-29425.2,0,0,0,0,-29425.2,16852.57
4560,ДЕМАРК,0,3309.287,0,0,0,0,343352,6930.772,4068.998,0,0,24549.14,11.71694,0,15665,7416.068,365.9662,0,26519.41,39364.17,868814.6,0,293667.8,0,0,721.5766,2137.825,11486.95,0,0,206000,393.4322,0,-1082809,33976.28,5396.333,257137.5,-162214,94923.67,8570.662,-326.682,0,0,-246.374,-199.941,-35461.1,-26149.4,0,0,0,-1084931,142.9471,0,0,-396.95,3307.347,-42517.8,0,-1083285,0,-1083285,0,0,0,0,0,0,-1083285
4561,ЕКСПОБАНК,0,620288.6,6993.947,90742.97,665.774,335690.8,673694.9,492082.4,116.9919,0,0,451052.8,1688.61,144668.8,77067.03,61582.32,19623.29,129463.8,954975.6,1387156,1032043,0.11075,0,0.35725,75720.47,937.7567,86427.25,5201.503,223231.1,0,404231.2,0,0,-1169685,12438.46,92745.47,148319.4,-221701,-73381.5,16646.58,-42474.6,0,0,-648391,-61529.9,43460.59,391707,359789.9,0,0,-1112834,53437.52,0,0,937.7567,104203.8,-127163,0,-1095592,0,-1095592,0,0,0,0,0,0,-1095592
4562,ЕНЕРГОБАНК,0,357133.7,575.4501,108009.5,0,57661.68,974832.2,109630.6,1740.79,0,0,411836.8,267.0993,0,60090.17,5926.506,4771.091,5561.49,124822.2,678163.8,905671.7,0,27647.58,0,1507.308,857.2,40606.95,10998.95,0,0,359037.2,32.5,0,-108031,30884.34,25838.8,214678.6,-198050,16628.54,47219.27,-5111.28,21989.14,0,46000.05,0,-4725.23,-71996.4,88478.59,0,0,-26815.5,1175.001,0,0,-145.488,24331.56,-134527,0,2500.792,0,2500.792,308.0346,0,0,0,0,308.0346,2808.826
4565,ЗЛАТОБАНК,0,36184.4,46558.52,0,1513.797,52656.6,7451183,80754.89,89148.97,17758.45,0,0,298.458,772.32,24356.19,1608.575,10816.37,0,934078.8,2218747,3187066,0,65228.22,0,0,66.15322,124677.4,86181.51,687645.1,0,532500,0,0,-26796.1,4508.997,-292.723,1062899,-886331,176567.4,60086.61,-18077.3,0,0,-415264,-3684.04,-146326,634485,0,0,0,-194206,-324.165,0,0,1021.894,80253.87,-203083,0,-28549.8,-1869.81,-30419.6,0,0,0,0,0,0,-30419.6
4567,ІМЕКСБАНК,0,598114.8,35836.62,0,0,2881.704,10072260,224734.8,0,0,0,0,5471.753,0,378738.2,48274.8,12638.7,0,3437364,818980.3,5488457,0,0,0,0,0,67483.15,42977.25,157685.6,0,1440000,0,0,-186492,108701.2,3794.882,1837010,-1399577,437433.7,242963.5,-21865.8,0,0,2203.241,1,56573.42,-206303,0,0,0,-452499,-621.734,0,0,0,10131.68,-254287,0,-186269,-222.509,-186492,0,0,0,0,0,0,-186492
4568,Інтеграл-банк,0,269142.3,0,14937.35,0,164147.9,605549,21501.78,61,0,0,43346.66,364.2354,345.3573,4062.102,35867.85,1317.16,0,135719.8,216580.9,493115.2,0,0,0,0,2.89348,69079.25,1660.904,50435.27,0,160000,14.15,0,2992.875,31041.33,0,145804.6,-80342.3,65462.29,30103.25,-7778.91,-1370.07,0,-233194,0,-195625,391137.4,11556.39,0,0,-1288.56,-12195.3,0,0,-2.89348,5655.558,-49913.3,0,2547.728,445.1468,2992.875,0,0,0,0,0,0,2992.875
4571,КАМБІО,0,2268.587,0,69238.99,0,0,207985,-20403.5,302165.4,0,0,21891.44,311.514,109.5376,46620.37,258.166,34819.46,30435.97,394201.9,196558.4,573694.1,659.9263,11199.71,0,0,0,1942.915,2024.011,107559.5,0,174428.3,0,0,-806901,728.9611,39603.76,244656.3,-178208,66448.52,9783.861,-2360.59,20588.53,0,0,-657.122,27928.84,6754.573,0,0,0,-877430,-133.258,0,0,1.2,4184.219,-63963.5,0,-808855,1327.475,-807527,0,0,0,0,0,0,-807527
4572,КАПІТАЛ,0,121319.4,0,233823.7,53589.43,15832.04,754437.8,225891.4,4721.805,24903.39,0,0,70.926,0,59689.01,7630.312,176677.7,97204.22,130557.1,365314.7,966489.2,0,0,29.232,121.2063,25.67103,4614.832,4394.864,110000,0,194078.9,1048.95,0,-8023.55,6776.743,363.3391,139650,-192162,-52511.7,22196.31,-4420.99,-6935.56,0,53589.43,20.05,59616.49,-29838.3,0,0,0,-5315.29,-763.237,0,-111.249,-16.6363,566.6839,-33491.8,0,2584.144,-1441.64,1142.503,0,0,0,0,0,0,1142.503
4573,КИЇВ,0,4285.999,2393.916,0,0,0,321623.1,5204.443,2874.754,0,0,124079.5,252.8092,72085.32,495320.3,6789.573,9301.542,440342.1,776756.3,67145.11,401852.3,0,464.6995,0,35220.49,31748.63,1784.308,4997.847,0,0,3567544,846.7425,0,-4213166,374544.4,434814.7,167094.5,-106267,60827.47,5727.566,-2073.4,0,0,-2892.34,0,26.22514,282741.7,0,0,0,-864055,-19608,0,0,-28723.3,39525.04,-91154.9,0,-619659,-127583,-747241,766.0963,123411.2,0,0,-145.954,124031.3,-623210
4574,КИЇВСЬКА РУСЬ,0,1153865,0,0,0,10934.61,5271463,408851.2,1246841,0,0,164983,1028.565,653.039,128420,33769.68,20992.21,166459.3,985673.3,2504971,3834630,0,66859.73,270,0,0,164006.1,21675.83,448898.7,0,600000,0,0,-120322,21075.64,80521.53,1133191,-1064976,68214.97,117014.1,-20007.7,0,0,0,535.4565,-14843.5,8616.918,12281.29,0,0,19083.55,-689.67,0,0,0,53208.99,-239865,0,3548.922,-625.815,2923.107,-10137.1,0,0,0,0,-10137.1,-7213.95
4575,КОНТРАКТ,0,82550.96,0,139039.1,75482.65,4115.371,285215.4,48133.79,0,0,0,6626.202,134.0344,857.3165,42583.88,2545.398,3591.367,48870.18,3153.711,232230.5,320293.4,0,0,0,13748.52,3182.004,26499.05,1867.435,39192.97,0,86000,0,0,-20431.1,11201.01,22808.15,68069.78,-79896.1,-11826.4,37613.57,-10036.2,-1705.61,0,41087.32,0,13141.55,-32671.1,4158.435,0,0,-5228.45,-307.046,0,0,241.6633,567.3398,-57378.1,0,-22343,-8354.24,-30697.2,0,11433.96,0,0,-2058.11,9375.844,-21321.4
4576,КРЕДИТПРОМБАНК,0,208020.5,0,0,0,0,145716.5,2127.625,1068.1,0,0,850888.8,4401.339,55044.02,4142.298,2935.873,1201.849,21997.93,296728,438623.8,15653.6,0,87498.26,0,19.49335,1.30237,12313.7,2776.834,290477.2,0,2635938,200462.1,0,-2689988,0,7040.05,23875.6,-53147.5,-29271.9,2793.149,-1307.13,0,0,676.2793,8729.936,975.9862,-123175,351157.2,0,0,-33035,293.2042,-111278,0,-1.0093,13759.35,-68001.4,0,12315.64,0,12315.64,15777.98,0,0,0,0,15777.98,28093.62
4577,ЛЕГБАНК,0,17674.68,0,0,0,-16043,205307.3,11713.79,72642.46,0,0,0,680.3833,0,33841,2844.777,239.7443,67267.91,29597.94,52468.07,369383.9,0.11231,0,0,1526.804,0,8625.883,5324.75,27810.92,0,111500,0,0,-243401,26348.24,6983.505,59758.08,-44554.2,15203.87,4635.738,-918.673,0,0,0,0,2494.608,-11705.7,0,0,0,-221398,0.816,-5429.9,0,23.24735,1253.872,-27297.7,0,-243138,-645.896,-243784,1530.743,0,0,0,0,1530.743,-242253
4578,МЕЛІОР БАНК,0,2219.895,0,0,0,77.4856,76772.42,954.2197,0,0,0,0,0,71.92619,4534.631,2.15118,132.2271,0,0,57870.4,36873.76,0,0,130.284,0,126.0538,63.95579,398.2534,0,0,190000,0,0,-202489,1791.114,0,53529.95,-20127.8,33402.13,11489.26,-3958.7,546.35,0,1550.754,0,1020.074,5566.931,0,0,0,-239672,-3.28543,0,0,-60.1793,2731.386,-14669.1,0,-202057,-432.188,-202489,0,0,0,0,0,0,-202489
4580,МІСЬКИЙ КОМЕРЦІЙНИЙ БАНК,0,6591.083,24947.73,0,0,158.3882,0,966.0858,0,0,0,0,4639.079,0,80509.63,2811.564,5942.143,0,256509.1,505219.2,2463888,35840.27,0,0,418.03,16.8515,56717.99,15820.47,305933.9,0,400000,0,0,-3926986,8657.261,4530.327,653940.9,-394291,259649.5,35864.15,-1940.04,0,0,30865.93,-12225.8,57355.4,-225743,0,0,0,-3806284,-101073,-39125.6,0,640.785,29851.54,-173515,0,-3945679,-6107.2,-3951786,125.5873,0,0,0,0,125.5873,-3951660
4886,"ПАТ ""БАНК МИХАЙЛІВСЬКИЙ""",0,261484,0,0,0,83044.73,1611812,204296.2,0,0,0,0,0,3508.973,88299.89,51687.33,25921.24,0,42080.55,986412.3,631098.1,22709.17,769.4456,0,0,1354.988,38531.43,4823.911,67572.85,0,500000,0,0,34701.76,0,0,218674.1,-149152,69521.87,234379.1,-6529.75,9063.377,0,-47577.1,0,-3022.04,41243.27,0,44886.69,0,-54541.5,-8342.85,0,0,-1318.72,24120.33,-250375,0,51507.46,0,51507.46,0,0,0,0,0,0,51507.46
